,REF,ALT,before_mutation,after_mutation,CHROM,HGVS_cdna,POS,src
0,G,GTACTGGAAGGCGAGACCA,AGGCGGGCGCGGCCGCGGTGCCGGCGCCGGTGCCCGCAGCCACCGAGCCGCCGCCCGTGCTGCACCTGCCCGCCATCCAGCCGCCGCCGCCCGTGCTGCCCGGGCCCTTCTTCATGCCGTCCGACCGCTCCACCGAGCGCTGCGAGACCGTACTGGAAGGCGAGACCATCTCGTGCTTCGTGGTGGGAGGCGAGAAGCGCCTGTGTCTGCCGCAGATTCTCAACTCGGTGCTGCGCGACTTCTCGCTGCAGCAGATCAACGCGGTGTGCGACGAGCTCCACATCTACTGCTCGCGCTGCA,AGGCGGGCGCGGCCGCGGTGCCGGCGCCGGTGCCCGCAGCCACCGAGCCGCCGCCCGTGCTGCACCTGCCCGCCATCCAGCCGCCGCCGCCCGTGCTGCCCGGGCCCTTCTTCATGCCGTCCGACCGCTCCACCGAGCGCTGCGAGACCGTACTGGAAGGCGAGACCATACTGGAAGGCGAGACCATCTCGTGCTTCGTGGTGGGAGGCGAGAAGCGCCTGTGTCTGCCGCAGATTCTCAACTCGGTGCTGCGCGACTTCTCGCTGCAGCAGATCAACGCGGTGTGCGACGAGCTCCACA,chr1,736_1,2229076,hgmd
1,TGGTGGA,T,TAAGATCTGCCAGGGATGAGGGATCTGTTCAGAAAAGAACAGTTTCCGCTCCTGGATGGTGACTGTCACTCATCAGGCTCTGCACCCCTCCCCGTGCCTCTGTCCCACCTGCCACGCTGGGGCACGCACCTTGGTGGAGGGGGTCCTGCTGGTGGAGGTGGAGGTGGGAGTGAATGTGAGAGTGCTGGTGATGGTGCGGAGTCACGTTGAACATCTGCAGTCGGGCCAGGGGATCGCTGGTCAGCGATGCCATGCGCTCTGCGTGGATACGCTCGGCTGCCAGTCTGTCAGGGTAGCTCA,TAAGATCTGCCAGGGATGAGGGATCTGTTCAGAAAAGAACAGTTTCCGCTCCTGGATGGTGACTGTCACTCATCAGGCTCTGCACCCCTCCCCGTGCCTCTGTCCCACCTGCCACGCTGGGGCACGCACCTTGGTGGAGGGGGTCCTGCTGGTGGAGGTGGGAGTGAATGTGAGAGTGCTGGTGATGGTGCGGAGTCACGTTGAACATCTGCAGTCGGGCCAGGGGATCGCTGGTCAGCGATGCCATGCGCTCTGCGTGGATACGCTCGGCTGCCAGTCTGTCAGGGTAGCTCATCTCGG,chr1,1012_1,8358216,hgmd
2,T,TGGTGGA,TAAGATCTGCCAGGGATGAGGGATCTGTTCAGAAAAGAACAGTTTCCGCTCCTGGATGGTGACTGTCACTCATCAGGCTCTGCACCCCTCCCCGTGCCTCTGTCCCACCTGCCACGCTGGGGCACGCACCTTGGTGGAGGGGGTCCTGCTGGTGGAGGTGGAGGTGGGAGTGAATGTGAGAGTGCTGGTGATGGTGCGGAGTCACGTTGAACATCTGCAGTCGGGCCAGGGGATCGCTGGTCAGCGATGCCATGCGCTCTGCGTGGATACGCTCGGCTGCCAGTCTGTCAGGGTAGCTCA,TAAGATCTGCCAGGGATGAGGGATCTGTTCAGAAAAGAACAGTTTCCGCTCCTGGATGGTGACTGTCACTCATCAGGCTCTGCACCCCTCCCCGTGCCTCTGTCCCACCTGCCACGCTGGGGCACGCACCTTGGTGGAGGGGGTCCTGCTGGTGGAGGTGGAGGTGGAGGTGGGAGTGAATGTGAGAGTGCTGGTGATGGTGCGGAGTCACGTTGAACATCTGCAGTCGGGCCAGGGGATCGCTGGTCAGCGATGCCATGCGCTCTGCGTGGATACGCTCGGCTGCCAGTCTGTCAGGGT,chr1,1016_1,8358216,hgmd
3,C,CATA,AGAAAATTTTGTTAATATAAATACACTGAAAATAACAGTTAAAATAAAACTTGTACTAAGCCAAATTTTTCAGAAAATTATACTAATAAACATACCTGAGTTGCTACATTTAACAAAGCTAATCGGCCATTTTTTGAAATAGTAAAAGACATAATAGGATGATCTTCTTGTACTCTGGAACCAGAAAATAATTTGTCAAAAACAACATATTAACAGTCAAGACATTCAAATTATCAATACATAAGATGTGCTAGCTTAAGTATGACAATTTTGCCTGCAATCACTATTACATACTATACT,AGAAAATTTTGTTAATATAAATACACTGAAAATAACAGTTAAAATAAAACTTGTACTAAGCCAAATTTTTCAGAAAATTATACTAATAAACATACCTGAGTTGCTACATTTAACAAAGCTAATCGGCCATTTTTTGAAATAGTAAAAGACATAATAATAGGATGATCTTCTTGTACTCTGGAACCAGAAAATAATTTGTCAAAAACAACATATTAACAGTCAAGACATTCAAATTATCAATACATAAGATGTGCTAGCTTAAGTATGACAATTTTGCCTGCAATCACTATTACATACTAT,chr1,664_1,224398569,hgmd
4,CAGA,C,CCACAATGCAGATGAGACAGGATGAAGCAGCAGTCCAAGGTAGAAGCCATTAGTGAGCTGGCCAAACCAAGGTTGCTGGCTATACCTCGAGAAATCGCGAGATGTCCCTCTTGTCACTAACGCCCATGGCCACCACATTCTCAAAGAGCCAGAAGAAGGGGCGATCATCTCCCTCCTTGGGCCGCGCATCATGCAGGAGGCGGTAGAACTCAAAGAAGAGCCGGCCAGTGCCCTCTGAGAGGTCGGAAGAGAAAGCCATCAGCTGGGGCTGTCTGCATAGGACAGTGGTGTGGCTCGGGC,CCACAATGCAGATGAGACAGGATGAAGCAGCAGTCCAAGGTAGAAGCCATTAGTGAGCTGGCCAAACCAAGGTTGCTGGCTATACCTCGAGAAATCGCGAGATGTCCCTCTTGTCACTAACGCCCATGGCCACCACATTCTCAAAGAGCCAGAAGGGGCGATCATCTCCCTCCTTGGGCCGCGCATCATGCAGGAGGCGGTAGAACTCAAAGAAGAGCCGGCCAGTGCCCTCTGAGAGGTCGGAAGAGAAAGCCATCAGCTGGGGCTGTCTGCATAGGACAGTGGTGTGGCTCGGGCACG,chr2,913_1,25240366,hgmd
5,CCCCCCAGGCCCTCCCGGT,C,GATCTCATGAATAGTTATCAAAAAGTTATCAAAAGATGAGATATAGTTGTTCATAGTTTTAACAATGCGAGTGTCATTGCTTTGAAGCATGGATAAAGTGTATTTTGCATTCATTTATTTTGTTTTTCATTCAAATTCACATTCCAGGGCCCCCCAGGCCCTCCCGGTCCCCCTGGTACATCTGGTCATCCTGGTTCCCCTGTAAGTATAGCCATTGGTGGTGTTTTCTTCCTCATTTTTAGAAAAATCAAATTAATATATATTCTGCTATAATTCAGCCATTCCAGCATGCATAATCCC,GATCTCATGAATAGTTATCAAAAAGTTATCAAAAGATGAGATATAGTTGTTCATAGTTTTAACAATGCGAGTGTCATTGCTTTGAAGCATGGATAAAGTGTATTTTGCATTCATTTATTTTGTTTTTCATTCAAATTCACATTCCAGGGCCCCCCTGGTACATCTGGTCATCCTGGTTCCCCTGTAAGTATAGCCATTGGTGGTGTTTTCTTCCTCATTTTTAGAAAAATCAAATTAATATATATTCTGCTATAATTCAGCCATTCCAGCATGCATAATCCCAGTTAACTAGAGAAATCA,chr2,1024_1,188988083,hgmd
6,CTGT,C,GAGGTGTCATCAACTTGGTCCACAGTCGTGTCAGGAGGGGCATCAGGCGCTAAGAAAGAAAGAAAGTGGGGCAAACAGTCAGGAAGTGCTACTACAGGCCTGTGTTTTACAGAAAAAGATTCTTTTAACACTATGTAGCACACATGTACCTGTTGTTTGTGAAGTAGACAGGATCAAACTCTGCTCCCCATCCTCAGATATCTGATAGACATTTACAATGTATTTTCGGCCAGGAAGCAGGTCAGGGATGTTCACAGAAGTGGCTGTGCTTGGAAGATCTTTGAAATGAAAAGAAAAGGT,GAGGTGTCATCAACTTGGTCCACAGTCGTGTCAGGAGGGGCATCAGGCGCTAAGAAAGAAAGAAAGTGGGGCAAACAGTCAGGAAGTGCTACTACAGGCCTGTGTTTTACAGAAAAAGATTCTTTTAACACTATGTAGCACACATGTACCTGTTTGTGAAGTAGACAGGATCAAACTCTGCTCCCCATCCTCAGATATCTGATAGACATTTACAATGTATTTTCGGCCAGGAAGCAGGTCAGGGATGTTCACAGAAGTGGCTGTGCTTGGAAGATCTTTGAAATGAAAAGAAAAGGTAAC,chr2,1024_1,215408298,hgmd
7,CAGA,C,CTGATCCAGACACCTCTCTTTTCCAGGAACCCCTGTTTGCTGCTAGAGTTATTTATGACCTCTTGTTCTTCTTCATGGTCATCATCATTGTTCTTAACCTGATTTTTGGGGTTATCATTGACACTTTTGCTGACCTGAGGAGTGAGAAGCAGAAGAAGGAAGAGATCTTGAAGACCACGTGCTTTATCTGTGGTGAGTGTCGCTGGCCAGCTCCAGCAAGGGCGTGAAGGCCCAGCGTGGCAGAGGCATGTGGATACTGCGAGGGTGTGATGGGCGGGGTGCCTGCCCAGTTATGCGGGA,CTGATCCAGACACCTCTCTTTTCCAGGAACCCCTGTTTGCTGCTAGAGTTATTTATGACCTCTTGTTCTTCTTCATGGTCATCATCATTGTTCTTAACCTGATTTTTGGGGTTATCATTGACACTTTTGCTGACCTGAGGAGTGAGAAGCAGAAGGAAGAGATCTTGAAGACCACGTGCTTTATCTGTGGTGAGTGTCGCTGGCCAGCTCCAGCAAGGGCGTGAAGGCCCAGCGTGGCAGAGGCATGTGGATACTGCGAGGGTGTGATGGGCGGGGTGCCTGCCCAGTTATGCGGGAGGG,chr3,1024_1,4815176,hgmd
8,GTGC,G,TGCTGTTAGTTACTGGCAAGTTACCAGAAAGACAACTGTCTCAATTCTAGTTTATGTCCTTTCTACAATTTCCCATTTTCACTTACTATTAAAACACATAGTTGATTTGTGAAAAATAAAATCCTGATTACCGCCATTTCCATTGTGTAGTGCTAAGACAGTAGGGGGTCCAGGAACTTCAACTGCATACATCACATCAGATCCCTGAAGGAGAAGTATTTAAAAACTGAAACAGAATACAAACTGAAAATAATAGAGGCATTCATGAATAACATCAATATTCAAATACAGTACTCTTAG,TGCTGTTAGTTACTGGCAAGTTACCAGAAAGACAACTGTCTCAATTCTAGTTTATGTCCTTTCTACAATTTCCCATTTTCACTTACTATTAAAACACATAGTTGATTTGTGAAAAATAAAATCCTGATTACCGCCATTTCCATTGTGTAGTAAGACAGTAGGGGGTCCAGGAACTTCAACTGCATACATCACATCAGATCCCTGAAGGAGAAGTATTTAAAAACTGAAACAGAATACAAACTGAAAATAATAGAGGCATTCATGAATAACATCAATATTCAAATACAGTACTCTTAGTAA,chr4,673_1,121855507,hgmd
9,AAGAAGCCTC,A,TTCACCATGACTCCAGGTACTATTACTTTCCTTTTTTTCCCTTACAGAAAGCTGATATTGCAATTGCTCCATTAACTATTACCCTTGTGAGAGAAGAGGTGATTGACTTCTCAAAGCCCTTCATGAGCCTCGGGATATCTATCATGATCAAGAAGCCTCAGAAGTCCAAACCAGGAGTGTTTTCCTTTCTTGATCCTTTAGCCTATGAGATCTGGATGTGCATTGTTTTTGCCTACATTGGGGTCAGTGTAGTTTTATTCCTGGTCAGCAGATTTAGCCCCTACGAGTGGCACACTGAGG,TTCACCATGACTCCAGGTACTATTACTTTCCTTTTTTTCCCTTACAGAAAGCTGATATTGCAATTGCTCCATTAACTATTACCCTTGTGAGAGAAGAGGTGATTGACTTCTCAAAGCCCTTCATGAGCCTCGGGATATCTATCATGATCAAGAAGTCCAAACCAGGAGTGTTTTCCTTTCTTGATCCTTTAGCCTATGAGATCTGGATGTGCATTGTTTTTGCCTACATTGGGGTCAGTGTAGTTTTATTCCTGGTCAGCAGATTTAGCCCCTACGAGTGGCACACTGAGGAGTTTGAAG,chr4,835_1,157336479,hgmd
10,A,AGCGCGGCCGCTTCCT,CCTGGGCGACTTCATCGAGCACTACGCGCAGCTGGGCCCCAGCCAGCCGCCGGACCTGGCCCAGGCGCAGGACGAGCCGCGCCGGGCGCTCAAAAGCGAGTTCCTGGTGCGCGAGAACCGCAAGTACTACATGGATCTCAAGGAGAACCAGCGCGGCCGCTTCCTGCGCATCCGCCAGACGGTCAACCGGGGGCCTGGCCTGGGCTCCACGCAGGGCCAGACCATTGCGCTGCCCGCGCAGGGGCTCATCGAGTTCCGTGACGCTCTGGCCAAGCTCATCGACGACTACGGAGTGGAGGA,CCTGGGCGACTTCATCGAGCACTACGCGCAGCTGGGCCCCAGCCAGCCGCCGGACCTGGCCCAGGCGCAGGACGAGCCGCGCCGGGCGCTCAAAAGCGAGTTCCTGGTGCGCGAGAACCGCAAGTACTACATGGATCTCAAGGAGAACCAGCGCGGCCGCTTCCTGCGCGGCCGCTTCCTGCGCATCCGCCAGACGGTCAACCGGGGGCCTGGCCTGGGCTCCACGCAGGGCCAGACCATTGCGCTGCCCGCGCAGGGGCTCATCGAGTTCCGTGACGCTCTGGCCAAGCTCATCGACGA,chr5,329_1,140114669,hgmd
11,GCTT,G,GGGCTCCACGCAGGGCCAGACCATTGCGCTGCCCGCGCAGGGGCTCATCGAGTTCCGTGACGCTCTGGCCAAGCTCATCGACGACTACGGAGTGGAGGAGGAGCCGGCCGAGCTGCCCGAGGGCACCTCCTTGACTGTGGACAACAAGCGCTTCTTCTTCGATGTGGGCTCCAACAAGTACGGCGTGTTTATGCGAGTGAGCGAGGTGAAGCCCACCTATCGCAACTCCATCACCGTGCCCTACAAGGTGTGGGCCAAGTTCGGACACACCTTCTGCAAGTACTCGGAGGAGATGAAGAA,GGGCTCCACGCAGGGCCAGACCATTGCGCTGCCCGCGCAGGGGCTCATCGAGTTCCGTGACGCTCTGGCCAAGCTCATCGACGACTACGGAGTGGAGGAGGAGCCGGCCGAGCTGCCCGAGGGCACCTCCTTGACTGTGGACAACAAGCGCTTCTTCGATGTGGGCTCCAACAAGTACGGCGTGTTTATGCGAGTGAGCGAGGTGAAGCCCACCTATCGCAACTCCATCACCGTGCCCTACAAGGTGTGGGCCAAGTTCGGACACACCTTCTGCAAGTACTCGGAGGAGATGAAGAAGAT,chr5,323_1,140114870,hgmd
12,ATCACCG,A,ACGACTACGGAGTGGAGGAGGAGCCGGCCGAGCTGCCCGAGGGCACCTCCTTGACTGTGGACAACAAGCGCTTCTTCTTCGATGTGGGCTCCAACAAGTACGGCGTGTTTATGCGAGTGAGCGAGGTGAAGCCCACCTATCGCAACTCCATCACCGTGCCCTACAAGGTGTGGGCCAAGTTCGGACACACCTTCTGCAAGTACTCGGAGGAGATGAAGAAGATTCAAGAGAAGCAGAGGGAGAAGCGGGCTGCCTGTGAGCAGCTTCACCAGCAGCAACAGCAGCAGCAGGAGGAGACCG,ACGACTACGGAGTGGAGGAGGAGCCGGCCGAGCTGCCCGAGGGCACCTCCTTGACTGTGGACAACAAGCGCTTCTTCTTCGATGTGGGCTCCAACAAGTACGGCGTGTTTATGCGAGTGAGCGAGGTGAAGCCCACCTATCGCAACTCCATGCCCTACAAGGTGTGGGCCAAGTTCGGACACACCTTCTGCAAGTACTCGGAGGAGATGAAGAAGATTCAAGAGAAGCAGAGGGAGAAGCGGGCTGCCTGTGAGCAGCTTCACCAGCAGCAACAGCAGCAGCAGGAGGAGACCGCCGCTG,chr5,322_1,140114950,hgmd
13,AGGCGGCCATGGAGGGGGC,A,CAGGGGAGTGGCTCATCCATCACGGCGGCTGGCATGCGCCTCAGCCAGATGGGTGTCACCACAGACGGTGTCCCTGCCCAGCAACTGCGAATCCCCCTCTCCTTCCAGAACCCTCTCTTCCACATGGCTGCTGATGGGCCAGGTCCCCCAGGCGGCCATGGAGGGGGCGGTGGCCATGGCCCACCTTCCTCCCATCACCACCACCACCACCATCACCACCACCGAGGTGGAGAGCCCCCTGGGGACACCTTTGCCCCATTCCATGGCTATAGCAAGAGTGAGGACCTCTCTTCCGGGGTC,CAGGGGAGTGGCTCATCCATCACGGCGGCTGGCATGCGCCTCAGCCAGATGGGTGTCACCACAGACGGTGTCCCTGCCCAGCAACTGCGAATCCCCCTCTCCTTCCAGAACCCTCTCTTCCACATGGCTGCTGATGGGCCAGGTCCCCCAGGTGGCCATGGCCCACCTTCCTCCCATCACCACCACCACCACCATCACCACCACCGAGGTGGAGAGCCCCCTGGGGACACCTTTGCCCCATTCCATGGCTATAGCAAGAGTGAGGACCTCTCTTCCGGGGTCCCCAAGCCCCCTGCTGCC,chr6,1024_1,33443378,hgmd
14,TGAC,T,ATTAAAAGAAAAAAAAGCAAGGTTTTACTTCAAGTTCACCTATAAGCAATATTTCCTCAATTACATATATGAATATAAATAATACTTTAGCAATTACTTACAGTAAATATCCGTCTGCCAGTTCGATCAAAAGTTACACAGTACACAGATGACAAGTGTCCAAGAATTCGTTTATGCATTTTCATGTGCTGATACACTGCAGTTGGAACAAGTCGCTCAAGTCTGTATTTCCCATTCAGCTTCCTTGAAAACAGAGTATCCGCTACCAAGAAAAAGAAGGAAAATAAATGTAATCTGGAA,ATTAAAAGAAAAAAAAGCAAGGTTTTACTTCAAGTTCACCTATAAGCAATATTTCCTCAATTACATATATGAATATAAATAATACTTTAGCAATTACTTACAGTAAATATCCGTCTGCCAGTTCGATCAAAAGTTACACAGTACACAGATAAGTGTCCAAGAATTCGTTTATGCATTTTCATGTGCTGATACACTGCAGTTGGAACAAGTCGCTCAAGTCTGTATTTCCCATTCAGCTTCCTTGAAAACAGAGTATCCGCTACCAAGAAAAAGAAGGAAAATAAATGTAATCTGGAAATT,chr6,1024_1,79042891,hgmd
15,T,TGCTGCAGCCGCC,TGCGCCATCAGGTTGCGGCACTGGTTGGCCGCGGCCGCCGCCGCAGCCGCGGCCGCCGCCGCCACCGAGAAGTTGCCCCCTGCCGCCGCAGCCGCCGGGTGGGGGAAGCCCCCGCCCCCGGCCCCGGCAGCCGCCGCCGCTGCAGCCGCTGCTGCAGCCGCCGCCGCCCCTTCCATGTTCTTGTTGAGCTCGTCGGCCACCAGGCCGCCGCCGTTGTCGTAGAGAAACATGACGGTGGGCTCGATCCAGCGGGGGTGGAGGAGCACGGAGGCTGTCATAGCCCGAGCCGCATGGAGAAGA,TGCGCCATCAGGTTGCGGCACTGGTTGGCCGCGGCCGCCGCCGCAGCCGCGGCCGCCGCCGCCACCGAGAAGTTGCCCCCTGCCGCCGCAGCCGCCGGGTGGGGGAAGCCCCCGCCCCCGGCCCCGGCAGCCGCCGCCGCTGCAGCCGCTGCTGCAGCCGCCGCTGCAGCCGCCGCCGCCCCTTCCATGTTCTTGTTGAGCTCGTCGGCCACCAGGCCGCCGCCGTTGTCGTAGAGAAACATGACGGTGGGCTCGATCCAGCGGGGGTGGAGGAGCACGGAGGCTGTCATAGCCCGAGCC,chr7,394_1,27199949,hgmd
16,AGCACCAGCACACCCACCAGCACAC,A,GTCATCGTCTCCCTCTTCTTCTCTTCCAGAGCAAGACATCTTGCGACAGGAACTGAACACTCGTTTTTTGGCCTCTCAGAGTGCTGACCGCGGGGCTTCCCTGGGCCCTCCGCCCTACCTGCGGACCGAGTTCCATCAGCACCAGCACCAGCACCAGCACACCCACCAGCACACGCACCAGCACACCTTCACGCCGTTCCCCCACGCCATCCCACCCACCGCCATCATGCCGACGCCAGCACCTCCCATGGTGCGTACCCCAGGCAGAAATGTGAGGATAAGTAGAGCACGACTCTTTTC,GTCATCGTCTCCCTCTTCTTCTCTTCCAGAGCAAGACATCTTGCGACAGGAACTGAACACTCGTTTTTTGGCCTCTCAGAGTGCTGACCGCGGGGCTTCCCTGGGCCCTCCGCCCTACCTGCGGACCGAGTTCCATCAGCACCAGCACCAGCACCAGCACACCTTCACGCCGTTCCCCCACGCCATCCCACCCACCGCCATCATGCCGACGCCAGCACCTCCCATGGTGCGTACCCCAGGCAGAAATGTGAGGATAAGTAGAGCACGACTCTTTTCTTTATGCAGCACGTGGGACCGGGC,chr7,1024_1,70766234,hgmd
17,TCAA,T,CAGATTATCGCTTGTATTGAAATGTGTTTTAATTTTTGTTTTGGATGATCTTTATTGGCTATATTTACCATTAACATGTTGTTTTGTTTAATTTTTTTCAGCTATTTGAATGACTTGGACAGAATAGCTCAACCAAATTACATCCCGACTCAACAAGATGTTCTCAGAACTAGAGTGAAAACTACAGGAATTGTTGAAACCCATTTTACTTTCAAAGATCTTCATTTTAAGTGAGTAGCTTTGAAATATATGATTTCTAAATTTAGATAAAAACACATTGCTTTAGAAATAAAAAGTGTA,CAGATTATCGCTTGTATTGAAATGTGTTTTAATTTTTGTTTTGGATGATCTTTATTGGCTATATTTACCATTAACATGTTGTTTTGTTTAATTTTTTTCAGCTATTTGAATGACTTGGACAGAATAGCTCAACCAAATTACATCCCGACTCAAGATGTTCTCAGAACTAGAGTGAAAACTACAGGAATTGTTGAAACCCATTTTACTTTCAAAGATCTTCATTTTAAGTGAGTAGCTTTGAAATATATGATTTCTAAATTTAGATAAAAACACATTGCTTTAGAAATAAAAAGTGTAATA,chr7,355_1,80203752,hgmd
18,T,TATA,AAAAACAAGAATTGCAGTAACGTGTTGTGGTTTGTTCATTTTCCTCTCCAGGCCTGCCAGCTGCCCCTGTTTTCTTACATCGTGGAGCGCCTGTGTGCATGTTGTTATGAACAGGCGTGGTATGCAAAGCTGGGGGGTGTGGTGTCTATTAAGTTTCTCATGGAGCGGCTGCCTCTCACTTGGGTTCTCCAGAACCAGCAGACATTCCTGAAAGCACTTCTCTTTGTCATGATGGACTTAACTGGAGAGGTAGGTGATGGGTGGCCCCAAACCTAACCATGCTGTTTTTGAAATGGTGGT,AAAAACAAGAATTGCAGTAACGTGTTGTGGTTTGTTCATTTTCCTCTCCAGGCCTGCCAGCTGCCCCTGTTTTCTTACATCGTGGAGCGCCTGTGTGCATGTTGTTATGAACAGGCGTGGTATGCAAAGCTGGGGGGTGTGGTGTCTATTATAAAGTTTCTCATGGAGCGGCTGCCTCTCACTTGGGTTCTCCAGAACCAGCAGACATTCCTGAAAGCACTTCTCTTTGTCATGATGGACTTAACTGGAGAGGTAGGTGATGGGTGGCCCCAAACCTAACCATGCTGTTTTTGAAATGGT,chr7,1024_1,98930731,hgmd
19,CCTT,C,CCCGCTCCCCCTCCCTGCTCCCCCTCCCATGCGGGGCCTCTGTCCCGCCCCCGATTCATGGCAGGGGAGGGGGGTTTCAGGTGGCCCTCTCCAGAGGCTCACATTACACATGTAGTTATGCCAGGACTTGGAGACCTGGGGTAGCTTCTCCTTCTTCTTCCAGTTTGGGGGGGCACCCTCCCGGACAGGCTCCTGTGGGGGCACAGTGTAGGAACACCCTTTCCTAGCCCACCTGACCCCCACCCCCACCTTCCTGGCACTGTTCCCAGCTCTGCAGCTACCTGGCGCTGCAGGCTCTGC,CCCGCTCCCCCTCCCTGCTCCCCCTCCCATGCGGGGCCTCTGTCCCGCCCCCGATTCATGGCAGGGGAGGGGGGTTTCAGGTGGCCCTCTCCAGAGGCTCACATTACACATGTAGTTATGCCAGGACTTGGAGACCTGGGGTAGCTTCTCCTTCTTCCAGTTTGGGGGGGCACCCTCCCGGACAGGCTCCTGTGGGGGCACAGTGTAGGAACACCCTTTCCTAGCCCACCTGACCCCCACCCCCACCTTCCTGGCACTGTTCCCAGCTCTGCAGCTACCTGGCGCTGCAGGCTCTGCTGT,chr7,427_1,100647491,hgmd
20,G,GAGCAGGTGCGCGGCGGTGAGC,TCACGCTCGGCCACCACGTACACGCGCTGGCCCGGGCGCACGCGGCTGGCGAACAGCGCCCGAGGCCCCAGTGCGCCCCCGGAAGGCGGCCCCGAGCCCGAGGACGCCTCGGGCTCCCCGGTGGCCGAGTCGTTGTGCGGCGCCACAAAGAGCAGGTGCGCGGCGGTGAGCAGCAGGCGCTCGCGCGGCTCCCGCGTCTCGATCACGTAGAAGACCTTCTTGGCGCCGTCGTCGCGGTCCAGGAAAGTGAGGAAGTCGCTGTAGAGCAGCCGGCCCTGGTCGTCCGCCGCCAGCACGCGG,TCACGCTCGGCCACCACGTACACGCGCTGGCCCGGGCGCACGCGGCTGGCGAACAGCGCCCGAGGCCCCAGTGCGCCCCCGGAAGGCGGCCCCGAGCCCGAGGACGCCTCGGGCTCCCCGGTGGCCGAGTCGTTGTGCGGCGCCACAAAGAGCAGGTGCGCGGCGGTGAGCAGCAGGTGCGCGGCGGTGAGCAGCAGGCGCTCGCGCGGCTCCCGCGTCTCGATCACGTAGAAGACCTTCTTGGCGCCGTCGTCGCGGTCCAGGAAAGTGAGGAAGTCGCTGTAGAGCAGCCGGCCCTGG,chr7,471_1,155803473,hgmd
21,ATCT,A,ATGAAAGGATCGACGGCCGAGTAAGAGGCAACCTCCGCCAGGCAGCTATCGACAGATTCTCCAAACCTGATTCTGATAGGTTTGTTTTCCTCCTGTGTACAAGGGCAGGAGGTTTAGGCATTAACCTCACTGCTGCTGATACCTGCATCATCTTTGATTCAGACTGGAATCCCCAAAATGACCTCCAGGTAAATGCACAAGAAAGTCCTGATGCCTTTAAAAAGGAAGTCATTCTGCTTACTATGACAGAGAGTACCAGTCAGACCCATAAATTAATGTTGCGTCGTCACTCAGGCTGTG,ATGAAAGGATCGACGGCCGAGTAAGAGGCAACCTCCGCCAGGCAGCTATCGACAGATTCTCCAAACCTGATTCTGATAGGTTTGTTTTCCTCCTGTGTACAAGGGCAGGAGGTTTAGGCATTAACCTCACTGCTGCTGATACCTGCATCATTGATTCAGACTGGAATCCCCAAAATGACCTCCAGGTAAATGCACAAGAAAGTCCTGATGCCTTTAAAAAGGAAGTCATTCTGCTTACTATGACAGAGAGTACCAGTCAGACCCATAAATTAATGTTGCGTCGTCACTCAGGCTGTGTCC,chr8,1024_1,60836974,hgmd
22,GACA,G,TACTTTTTGTCCTCCAGTTGACTTTTAAACATTTTATGCTCTTTTGCATCTTGATGGATGTATTTATCTAGTAATTTTAACCAGGGCTTTGTTAAAATTTCTTGTGACTTTTCTTCTCCCTCCAGGATAGAGTAATGATAAACCGCTTAGACAACATCTGTGAAGCAGTGTTGAAAGGCAAATGGCCAGTAAATAGGCGCCAGATGTTTGATTTCCAAGGCCTCATCCCAGGTTACACACCCACCACAGTGGACAGCCCCTTGCAGAAGAGGAGCTTTGCTGAGCTCTCCATGGTCGGCC,TACTTTTTGTCCTCCAGTTGACTTTTAAACATTTTATGCTCTTTTGCATCTTGATGGATGTATTTATCTAGTAATTTTAACCAGGGCTTTGTTAAAATTTCTTGTGACTTTTCTTCTCCCTCCAGGATAGAGTAATGATAAACCGCTTAGACATCTGTGAAGCAGTGTTGAAAGGCAAATGGCCAGTAAATAGGCGCCAGATGTTTGATTTCCAAGGCCTCATCCCAGGTTACACACCCACCACAGTGGACAGCCCCTTGCAGAAGAGGAGCTTTGCTGAGCTCTCCATGGTCGGCCAAG,chr8,1024_1,60855999,hgmd
23,CAAG,C,GGGGGCAATTTGTAAGCACTAGTGAATCAAACACTAGCTATAATGCTTCTAGCTCCTTATATAATATGGAACCTTGGTCCAGGTGTTGCGATGATGTCACTGTACGGTTCTTCCTGTGTCAGCTCAATAGCTTGCTGCTTTTTAAGAACCAAGAAGCTGTAGAACTTTGCGGCAGCTTGTTTTCTGTTCGTATTTCGACATAACTCAAGCAAACTGATAGATTCAGCTCCAGTTTTAGCAAGAGCACGCTGAAATAAAACCAAAAAAGGGTAACTTAATCTGTATAATAAAGTAGTAATT,GGGGGCAATTTGTAAGCACTAGTGAATCAAACACTAGCTATAATGCTTCTAGCTCCTTATATAATATGGAACCTTGGTCCAGGTGTTGCGATGATGTCACTGTACGGTTCTTCCTGTGTCAGCTCAATAGCTTGCTGCTTTTTAAGAACCAAGCTGTAGAACTTTGCGGCAGCTTGTTTTCTGTTCGTATTTCGACATAACTCAAGCAAACTGATAGATTCAGCTCCAGTTTTAGCAAGAGCACGCTGAAATAAAACCAAAAAAGGGTAACTTAATCTGTATAATAAAGTAGTAATTCAG,chr8,632_1,116847593,hgmd
24,ATCT,A,GCGGCCCACCCTTGCCCTAGGCGCGGGGAGAGCAGGCTGCACTGGGCCCGGCCCTAACCTGCTTGCAGCGGTCCTCAGCTTGCTTCTTGTCGGCTTCGGCCTGCTCGGCGCGGTCGATGGCGTTCTCCTTGTCCAGCTTCAGCATCTGCATCTTCTTCTTGATGGCGTCCATGGCTGCGGTGGGGGGTGGGCCGGCCGGCAGGCGGTGAGGACCGGACGGACTGGGCTGGGTGAGCGGACTGGGTGCACCGGTGGCAGGCGAGGAGGACGGAGCGGGACTGGGACGTCCCGGCCACGCGG,GCGGCCCACCCTTGCCCTAGGCGCGGGGAGAGCAGGCTGCACTGGGCCCGGCCCTAACCTGCTTGCAGCGGTCCTCAGCTTGCTTCTTGTCGGCTTCGGCCTGCTCGGCGCGGTCGATGGCGTTCTCCTTGTCCAGCTTCAGCATCTGCATCTTCTTGATGGCGTCCATGGCTGCGGTGGGGGGTGGGCCGGCCGGCAGGCGGTGAGGACCGGACGGACTGGGCTGGGTGAGCGGACTGGGTGCACCGGTGGCAGGCGAGGAGGACGGAGCGGGACTGGGACGTCCCGGCCACGCGGGCG,chr9,285_1,35689795,hgmd
25,CGAA,C,CTCCCTGAGCAGAGGGCAGGTGGCTAACAGCATCTCCCATGTTCCCTTAGGCTCAGATCCACCTACTTGGAAACATAGTGATCTGGGTTTCGGGCAGCCTCGCTCTGGCCATCTACGCCCTGCTGTCCTTGTGGTACCTGCTCCGACGGCGAAGAAATGTCCATGACCTCCCTCAGGGTTAGTACCTCTCCCACATGGCTTTCTTTCTTTTTAATATAGACATGGGGTCTTGCTGTGTTGTCCAGGGTGTTCTTGAACTCCTGGGCTTAAGCGATCCTCCTGCCTCGGCCTCCCATAGTG,CTCCCTGAGCAGAGGGCAGGTGGCTAACAGCATCTCCCATGTTCCCTTAGGCTCAGATCCACCTACTTGGAAACATAGTGATCTGGGTTTCGGGCAGCCTCGCTCTGGCCATCTACGCCCTGCTGTCCTTGTGGTACCTGCTCCGACGGCGAAATGTCCATGACCTCCCTCAGGGTTAGTACCTCTCCCACATGGCTTTCTTTCTTTTTAATATAGACATGGGGTCTTGCTGTGTTGTCCAGGGTGTTCTTGAACTCCTGGGCTTAAGCGATCCTCCTGCCTCGGCCTCCCATAGTGCTA,chr9,726_1,131521445,hgmd
26,AAAC,A,ACCTGTGGCGGGAGCTGGGAGGACGCTGCCTGCATGCCCGCCGGCTCTGTCGCCTCGCAGGTGAACAACAGCAACAAGAAGGAGTGGAATGGGATGATGGGCGAGCTGCTCAGCGGGCAGGCAGACATGATCGTGGCGCCGCTAACCATAAACAACGAGCGCGCGCAGTACATCGAGTTTTCCAAGCCCTTCAAGTACCAGGGCCTGACTATTCTGGTCAAGAAGGTGGGCAGGGGCCGGGTGGCGGGGTGGCGGCGGGGGGAGTCCCTGGAGGGCCCGGGCCGCGCTGACCTCGCGTCC,ACCTGTGGCGGGAGCTGGGAGGACGCTGCCTGCATGCCCGCCGGCTCTGTCGCCTCGCAGGTGAACAACAGCAACAAGAAGGAGTGGAATGGGATGATGGGCGAGCTGCTCAGCGGGCAGGCAGACATGATCGTGGCGCCGCTAACCATAAACGAGCGCGCGCAGTACATCGAGTTTTCCAAGCCCTTCAAGTACCAGGGCCTGACTATTCTGGTCAAGAAGGTGGGCAGGGGCCGGGTGGCGGGGTGGCGGCGGGGGGAGTCCCTGGAGGGCCCGGGCCGCGCTGACCTCGCGTCCCTC,chr9,907_1,137162013,hgmd
27,TAGCAGA,T,GCAGAGCGAGGGGCATCAGCTACCGCCAAGTCCAGAGCCATTTCCATCCTGCAGAAGAAGCCCCGCCACCAGCAGCTTCTGCCATCTCTCTCCTCCTTTTTCTTCAGCCACAGGCTCCCAGACATGACAGCCATCATCAAAGAGATCGTTAGCAGAAACAAAAGGAGATATCAAGAGGATGGATTCGACTTAGACTTGACCTGTATCCATTTCTGCGGCTGCTCCTCTTTACCTTTCTGTCACTCTCTTAGAACGTGGGAGTAGACGGATGCGAAAATGTCCGTAGTTTGGGTGACTATA,GCAGAGCGAGGGGCATCAGCTACCGCCAAGTCCAGAGCCATTTCCATCCTGCAGAAGAAGCCCCGCCACCAGCAGCTTCTGCCATCTCTCTCCTCCTTTTTCTTCAGCCACAGGCTCCCAGACATGACAGCCATCATCAAAGAGATCGTTAACAAAAGGAGATATCAAGAGGATGGATTCGACTTAGACTTGACCTGTATCCATTTCTGCGGCTGCTCCTCTTTACCTTTCTGTCACTCTCTTAGAACGTGGGAGTAGACGGATGCGAAAATGTCCGTAGTTTGGGTGACTATAACATTT,chr10,576_1,87864496,hgmd
28,ATTATCT,A,GAAAGAGGGAAACTCATGTGCTCACATATGTAGCATTTAAAACAAAGGGCAGATAAAGGAAAAAAGCATTACTTTGTACCTTCTACATCTGAAAGAACAATCAAGAGATCAGTTTTCATTTCCACAGCCAGTCGGGCAGCCAGGCTATCATTATCTTTAACACTAATAACCTAGAATGCAGATTAAAAAGTCATAAGTGAGTGAGCTAAGCAGTCCAAAAAGAAATTCATGGAAGAACACAGCCAAGCTCAGGCAAAACCAAGCTAGGATCAGGCAAAACCAATGAACCCAAATATGTAG,GAAAGAGGGAAACTCATGTGCTCACATATGTAGCATTTAAAACAAAGGGCAGATAAAGGAAAAAAGCATTACTTTGTACCTTCTACATCTGAAAGAACAATCAAGAGATCAGTTTTCATTTCCACAGCCAGTCGGGCAGCCAGGCTATCATTAACACTAATAACCTAGAATGCAGATTAAAAAGTCATAAGTGAGTGAGCTAAGCAGTCCAAAAAGAAATTCATGGAAGAACACAGCCAAGCTCAGGCAAAACCAAGCTAGGATCAGGCAAAACCAATGAACCCAAATATGTAGATGACG,chr10,795_1,95633029,hgmd
29,ATGT,A,TAAAGGATGGTGCAAAGAAAAAGAAGCATCGCAAATAAAAAAAGACATGTAACATGTGCCTACCATTTTCCAGATAAGAAGGGGCCGTACCTTCTGACGGGTCTAGGCGGCGGGCCCGCCTCCCGTGTTTGGAATTGTTGTGCACAAACATGTTGTCTGACACGGCCAGCACGTGGCCGTCCACGTTGACTGTTGTCGATACAACAACCTGCAAAGATGAAGTGGATTTGAAAATGGAATTGGCAAAGAAAAGCAGAGCCCCCTGTTAGGCAAAATACAAGCCATCTTAAATACTGCAGA,TAAAGGATGGTGCAAAGAAAAAGAAGCATCGCAAATAAAAAAAGACATGTAACATGTGCCTACCATTTTCCAGATAAGAAGGGGCCGTACCTTCTGACGGGTCTAGGCGGCGGGCCCGCCTCCCGTGTTTGGAATTGTTGTGCACAAACATGTCTGACACGGCCAGCACGTGGCCGTCCACGTTGACTGTTGTCGATACAACAACCTGCAAAGATGAAGTGGATTTGAAAATGGAATTGGCAAAGAAAAGCAGAGCCCCCTGTTAGGCAAAATACAAGCCATCTTAAATACTGCAGAGCA,chr10,597_1,129873538,hgmd
30,AGAG,A,CTTCTTGGCCTTGCTGGGCGTCTTGGGGGCAGCCGGGGCCTTCTCTTTCACCACCGCCCCATTGCTCTGGGCCGAGTTACTGATGTAGTTTCGGCTCTGGTCCACCTGGTAGGAGCCCTCATCACGATTGCGGTACTTATACATGGCGTAGAGGAGGATGAGGATGCAGAGCGCCGCCGCCGCCACAATGCCCACCACCATGCCCGTGGTGCTGCTGGACTCCCGGATCACCTCCACTGCGCCCGGCGGGCCCCGCTCCCCAGGCCCTGTGGGGTTGGCTGTGGGCAGATGGGGGAAGCC,CTTCTTGGCCTTGCTGGGCGTCTTGGGGGCAGCCGGGGCCTTCTCTTTCACCACCGCCCCATTGCTCTGGGCCGAGTTACTGATGTAGTTTCGGCTCTGGTCCACCTGGTAGGAGCCCTCATCACGATTGCGGTACTTATACATGGCGTAGAGGATGAGGATGCAGAGCGCCGCCGCCGCCACAATGCCCACCACCATGCCCGTGGTGCTGCTGGACTCCCGGATCACCTCCACTGCGCCCGGCGGGCCCCGCTCCCCAGGCCCTGTGGGGTTGGCTGTGGGCAGATGGGGGAAGCCGGG,chr11,1024_1,64607372,hgmd
31,TGTC,T,TATGTTTTTCTACATATTATTTGACATACTTCTATCTTCCCATGTTCTTACTATAGTTTGTGTATTGCCAAGTCTGTTGTGAGCCCTTCCACAAGTTTTGTTTAGAGGAGAACGAGCGCCCTCTGGAGGACCAGCTGGAAAATTGGTGTTGTCGTCGTTGCAAATTCTGTCACGTTTGTGGAAGGCAACATCAGGCTACAAAGGTACAAAACTTGGTAATAGAACTACAGCTGGGCCTCTGTATCAGTGGGTTCTGTATCCCTGGACTCAACCAACCTTGGATTGAATGTATCTGGGAAA,TATGTTTTTCTACATATTATTTGACATACTTCTATCTTCCCATGTTCTTACTATAGTTTGTGTATTGCCAAGTCTGTTGTGAGCCCTTCCACAAGTTTTGTTTAGAGGAGAACGAGCGCCCTCTGGAGGACCAGCTGGAAAATTGGTGTTGTCGTTGCAAATTCTGTCACGTTTGTGGAAGGCAACATCAGGCTACAAAGGTACAAAACTTGGTAATAGAACTACAGCTGGGCCTCTGTATCAGTGGGTTCTGTATCCCTGGACTCAACCAACCTTGGATTGAATGTATCTGGGAAAAAA,chr11,1024_1,118488707,hgmd
32,TATA,T,TAAAAAATAAACCACTGTTGTGACATTTTTATATAAGCAAAATTTGTATAGGAAACAAGTCTTCACTTTTTCTGTTAACATTTATAATTGCAGTTATTTATTCAACTAATAGTCTTTTAATTTTTTTTAATCAAAGGAACAATATGAATTATACTGTGAGATGGGCTCCACATTCCAACTATGTAAAATATGTGCTGAAAATGATAAGGATGTAAAGATTGAGCCCTGTGGACACCTCATGTGCACATCCTGTCTTACATCCTGGCAGGTACGGATCTAAACAGCGACTTTTTTCAGCTA,TAAAAAATAAACCACTGTTGTGACATTTTTATATAAGCAAAATTTGTATAGGAAACAAGTCTTCACTTTTTCTGTTAACATTTATAATTGCAGTTATTTATTCAACTAATAGTCTTTTAATTTTTTTTAATCAAAGGAACAATATGAATTCTGTGAGATGGGCTCCACATTCCAACTATGTAAAATATGTGCTGAAAATGATAAGGATGTAAAGATTGAGCCCTGTGGACACCTCATGTGCACATCCTGTCTTACATCCTGGCAGGTACGGATCTAAACAGCGACTTTTTTCAGCTATGT,chr11,907_1,119278179,hgmd
33,C,CCACATTCAG,TTCCTGAGAACAAATGCAAAGAAAAAAGTATTAAAAGAAAGCCCACATGGAGAAGACCCAACCCAGGGAGGAACAGGAGATGGCACTACATACCATTGCAGCCACAGGGAAGAGGTATGGATGGTTGCAGCACTTCTTAAGATCCATCACCACATTCAGCAGAGACACCTGGTTGCCACCACCTCGGGCATTGAGTGCTTCAAAATTTCGAGTGAGGATGTACTTGTAGTATTTCCTACATGGGCAAGGTAGAAAGACAGGTTAGACTTGAGAGCCTTTCAATGACTAATAATGCAGTGC,TTCCTGAGAACAAATGCAAAGAAAAAAGTATTAAAAGAAAGCCCACATGGAGAAGACCCAACCCAGGGAGGAACAGGAGATGGCACTACATACCATTGCAGCCACAGGGAAGAGGTATGGATGGTTGCAGCACTTCTTAAGATCCATCACCACATTCAGCACATTCAGCAGAGACACCTGGTTGCCACCACCTCGGGCATTGAGTGCTTCAAAATTTCGAGTGAGGATGTACTTGTAGTATTTCCTACATGGGCAAGGTAGAAAGACAGGTTAGACTTGAGAGCCTTTCAATGACTAATA,chr12,1024_1,6591972,hgmd
34,A,ATGAGGCTGAGAGCCATGGCCGCCCCCAACATGT,CTAGGCTAAGCTGTCCCTAACAAGCTTTAGGCATTTAAATCAAAACACTTACTCTGCTGATGGAGAAGACCATGCCAGGCTTGCCAGAACAGACACCCATAAAGCAATGTCGGAACTGCCAATAGAAAAGGTGTTCGCAGATGAAGGTGATGAGGCTGAGAGCCATGGCCGCCCCCAACATGTAGAAGACCCCTGCCATGTTGTCAATGTCCAGCTGGCTGCTCATGACCTCATTCTTCTCATTGTGACAAATGCCAGTGAGCCAGAGAGCTTCCAGTTCTTCCATCTCCCCTGGGGAAA,CTAGGCTAAGCTGTCCCTAACAAGCTTTAGGCATTTAAATCAAAACACTTACTCTGCTGATGGAGAAGACCATGCCAGGCTTGCCAGAACAGACACCCATAAAGCAATGTCGGAACTGCCAATAGAAAAGGTGTTCGCAGATGAAGGTGATGAGGCTGAGAGCCATGGCCGCCCCCAACATGTTGAGGCTGAGAGCCATGGCCGCCCCCAACATGTAGAAGACCCCTGCCATGTTGTCAATGTCCAGCTGGCTGCTCATGACCTCATTCTTCTCATTGTGACAAATGCCAGTGAGCCAGA,chr12,1024_1,13567122,hgmd
35,TGTA,T,TTAAAATAACAGTTCAATTCTGTGTTTGAAAAAAAAAGCATTATTTCAAATGTGTTCTTTAGGCTCATTAATTTACTTTATTCTTGAAAAGAAACATACCAGCTTGCGAATTCGGTCCAACACGAGGTCAATGATCTCCTTGCCAATGGTGTAGTGCCCTCGGGCATAGTTATTGGCAGCATCTTCTTTGCCTGTGATAAGTTGCTCAGGGTGGAAGAGCTGGCGGTAGGTGCCAGTGCGAACTTCATCTGGAGAACATGATGGGGGAGGAGCAGGGGGGAGGAGGAGGAGGGACGAGGA,TTAAAATAACAGTTCAATTCTGTGTTTGAAAAAAAAAGCATTATTTCAAATGTGTTCTTTAGGCTCATTAATTTACTTTATTCTTGAAAAGAAACATACCAGCTTGCGAATTCGGTCCAACACGAGGTCAATGATCTCCTTGCCAATGGTGTGCCCTCGGGCATAGTTATTGGCAGCATCTTCTTTGCCTGTGATAAGTTGCTCAGGGTGGAAGAGCTGGCGGTAGGTGCCAGTGCGAACTTCATCTGGAGAACATGATGGGGGAGGAGCAGGGGGGAGGAGGAGGAGGGACGAGGAGCG,chr12,452_1,49186360,hgmd
36,TCCCAGGGGC,T,AACTCCTCATCAGGCCGCATACAGCATATGGAGCATTTGGTAAATATGTAGTCAATGAAAAAGTGAACGCCAGCTGCGATCCGTAGACCACGGTCTTGTTCTTACTGTGGGACTTGTTTCCCTTCCAGGTGCCAGAGGTGACCCGGGATTCCCAGGGGCCCAAGGGGAGCCAGGAAGCCAGGGTGAGCCAGGAGACCCGGGCCTCCCAGGTCCCCCTGGCCTCTCCATCGGAGATGGAGGTAATGTGGCTTCATAATATCAACACCGGAGACCCAAAGCACCTGCACTCAGGTCCTAGCA,AACTCCTCATCAGGCCGCATACAGCATATGGAGCATTTGGTAAATATGTAGTCAATGAAAAAGTGAACGCCAGCTGCGATCCGTAGACCACGGTCTTGTTCTTACTGTGGGACTTGTTTCCCTTCCAGGTGCCAGAGGTGACCCGGGATTCCAAGGGGAGCCAGGAAGCCAGGGTGAGCCAGGAGACCCGGGCCTCCCAGGTCCCCCTGGCCTCTCCATCGGAGATGGAGGTAATGTGGCTTCATAATATCAACACCGGAGACCCAAAGCACCTGCACTCAGGTCCTAGCACACACAAGG,chr13,1024_1,110449700,hgmd
37,TCTC,T,CCTCCGGTTCTTAAACCAGTTGCTGACCTGGGTGGTGGTGAGGCCGGTGGCCTCGGCCAGCTCCCGCTTCTCACGCGGCGATGGGTAGGGATTGTGCGCGTACCACTCCCGCAGGACACCCCTCGACTTCTCCTTGAAGCAGTAGCTGGTCTCCTCGCCGTCCCAGATGGTGCGCGGCAGTGGAAATTTTCGGCGCACCCGATATTTGCCCACGGCGCCCAGGGGTCGGCCGCGCAGCTTCTCGGCCTCCACGTAATGCGCCTTCAGCCACAGTTGCTGCAGTTTGGGGTGGTTGTGAGG,CCTCCGGTTCTTAAACCAGTTGCTGACCTGGGTGGTGGTGAGGCCGGTGGCCTCGGCCAGCTCCCGCTTCTCACGCGGCGATGGGTAGGGATTGTGCGCGTACCACTCCCGCAGGACACCCCTCGACTTCTCCTTGAAGCAGTAGCTGGTCTCGCCGTCCCAGATGGTGCGCGGCAGTGGAAATTTTCGGCGCACCCGATATTTGCCCACGGCGCCCAGGGGTCGGCCGCGCAGCTTCTCGGCCTCCACGTAATGCGCCTTCAGCCACAGTTGCTGCAGTTTGGGGTGGTTGTGAGGCGA,chr14,285_1,60648811,hgmd
38,TCCAAGTCTC,T,AGTGGAAACCCAGCGGTTTCAGAGGTATGGCCTCCAGCCAGAGAGCCAAATTTGCCAGCGGCTAGTGACTACTCTACACAAAGGCTGACGCATGTTTTAATTTCATTTGTAGCATCAGCACTGAGTTTTTGGCTCTAATGAAAAAAGTGTCCAAGTCTCCCCTTGTTATGGATGTTCTGAACATCCAGGGAGTACAGAGGTCTCTGGAAAGATTGGCAGACCTGCTAGGAAAGATCCAGAAAGCATTGGGAGAATATCTGGAAAGAGAGCGGTCATCTTTCCCCAGGTAAGATCCTTGCT,AGTGGAAACCCAGCGGTTTCAGAGGTATGGCCTCCAGCCAGAGAGCCAAATTTGCCAGCGGCTAGTGACTACTCTACACAAAGGCTGACGCATGTTTTAATTTCATTTGTAGCATCAGCACTGAGTTTTTGGCTCTAATGAAAAAAGTGTCCCTTGTTATGGATGTTCTGAACATCCAGGGAGTACAGAGGTCTCTGGAAAGATTGGCAGACCTGCTAGGAAAGATCCAGAAAGCATTGGGAGAATATCTGGAAAGAGAGCGGTCATCTTTCCCCAGGTAAGATCCTTGCTTTGACTTGG,chr14,1024_1,102002829,hgmd
39,CAAG,C,ATGTGACGAGGAATGCAAGGTTTTCGGTAGGTATACAGTCACAAGTTAATAATTACCTACCTTTCTGTGTCTGGGCCATTTTTGGCTATAATCATCTTTAATTTTCCTAGTCCTCCCACAGGTGCTCTGTCTGTGCCCGTTGTAAACTGCAAGAAGAGTCTTTTCTGTTCATCTGTAAATGAATGAACGATTTCCCAGAACTCCCTAATGAGAAAAAATACAATACTGGTTTCAGTTTGGCATTCATTATGACTGGTACTAACATAAGCTTATGATTTGCATTAAAACTATATTAAGAGA,ATGTGACGAGGAATGCAAGGTTTTCGGTAGGTATACAGTCACAAGTTAATAATTACCTACCTTTCTGTGTCTGGGCCATTTTTGGCTATAATCATCTTTAATTTTCCTAGTCCTCCCACAGGTGCTCTGTCTGTGCCCGTTGTAAACTGCAAGAGTCTTTTCTGTTCATCTGTAAATGAATGAACGATTTCCCAGAACTCCCTAATGAGAAAAAATACAATACTGGTTTCAGTTTGGCATTCATTATGACTGGTACTAACATAAGCTTATGATTTGCATTAAAACTATATTAAGAGACAA,chr15,853_1,25340174,hgmd
40,AAAG,A,GGTGAGAGTCTCCCAAGTCACGAAAAGTTCCTTTTTTCCCCATTAGCTTCCTGTAGACAACCATGGGAAAATGTACATCCAGTATACAGTTATTGTAAATAGCCAGACCCAGTACTATGCCAATCAGAGTAAACTGACCCTCAGTTTCAAAAGAAGATGGATTAAACCAAAACAATTTTGTAGATTCATCGTATGTGAACATACCTATAAGAAATGATTTTTAAAAATACATTACTTTTGTATTTTATTAAGGACTGATGAATAATACAAATATAAACTTAAAATAATTATGCATATAAA,GGTGAGAGTCTCCCAAGTCACGAAAAGTTCCTTTTTTCCCCATTAGCTTCCTGTAGACAACCATGGGAAAATGTACATCCAGTATACAGTTATTGTAAATAGCCAGACCCAGTACTATGCCAATCAGAGTAAACTGACCCTCAGTTTCAAAAGATGGATTAAACCAAAACAATTTTGTAGATTCATCGTATGTGAACATACCTATAAGAAATGATTTTTAAAAATACATTACTTTTGTATTTTATTAAGGACTGATGAATAATACAAATATAAACTTAAAATAATTATGCATATAAAACA,chr15,853_1,25356842,hgmd
41,C,CGGCACT,TTTCTTGGCAGTGCTTGGCGTGGTAGCAGCAGAGGGCGATGAGCTGCTTGCACACCGGGCAGCCCCCGTTGGTCTTGCGTTTGCAGCCCTTGGTGTGCTGCACCACCCGCTTCATCTTCTGGCAGGATGGCAGCGAGCAGTTGGCGTTGCGGCACTGGCACGCGTGCACCAGCGACTGGATGCAGCGCTGGATGCTCAGCCGGCGTGACTCCTGGGGGCTCTTTGACTGTGGCTCGCCCTGGCTGCTGCCCTCGTCATCCAGGCCCAGCCCCCACTTCACCATCTTATGGGCATGGCTCT,TTTCTTGGCAGTGCTTGGCGTGGTAGCAGCAGAGGGCGATGAGCTGCTTGCACACCGGGCAGCCCCCGTTGGTCTTGCGTTTGCAGCCCTTGGTGTGCTGCACCACCCGCTTCATCTTCTGGCAGGATGGCAGCGAGCAGTTGGCGTTGCGGCACTGGCACTGGCACGCGTGCACCAGCGACTGGATGCAGCGCTGGATGCTCAGCCGGCGTGACTCCTGGGGGCTCTTTGACTGTGGCTCGCCCTGGCTGCTGCCCTCGTCATCCAGGCCCAGCCCCCACTTCACCATCTTATGGGCAT,chr16,1024_1,3729690,hgmd
42,ACTC,A,TGCCAGCCGAGTCGTGCGGGCTGTGGCAGGGAAGGGGCCACCATGGGATGTACTCTGAGCGCAGAGGAGAGAGCCGCCCTCGAGCGGAGCAAGGCGATTGAGAAAAACCTCAAAGAGGATGGCATCAGCGCCGCCAAAGACGTGAAATTACTCCTGCTCGGTAAGGACCGCCGCTGCTACCCCCATCCCCCGACCCCGGCCACTCCGCACCCCCTGCCACCAGCTCCCCCACCCCACTCGCGCCCGGGAGACCTGGTCCCCAAGTTGGCACCACCATGTGCCCAGGATCGCCCACCCCCT,TGCCAGCCGAGTCGTGCGGGCTGTGGCAGGGAAGGGGCCACCATGGGATGTACTCTGAGCGCAGAGGAGAGAGCCGCCCTCGAGCGGAGCAAGGCGATTGAGAAAAACCTCAAAGAGGATGGCATCAGCGCCGCCAAAGACGTGAAATTACTGCTCGGTAAGGACCGCCGCTGCTACCCCCATCCCCCGACCCCGGCCACTCCGCACCCCCTGCCACCAGCTCCCCCACCCCACTCGCGCCCGGGAGACCTGGTCCCCAAGTTGGCACCACCATGTGCCCAGGATCGCCCACCCCCTCGC,chr16,355_1,56192343,hgmd
43,TGCTGCCTGAACA,T,CACAGCCACGCTCCAGGCCCCACTGTCAACACGACAGCCCCTGGGGCCTGCGCCGTGAAAAGCCCTGGCCGTGGCGCCCCCCTGCCTGTGCCAGCCCACTTACCCGCTCGATGCTGTGCTGTAGACGCAGCTTTCCCCGGACGGCCTCCTGCTGCCTGAACAGCTCCTTCAGGGGCTCCGCCAGGGAGGGAGGGGGTGCGATCTACAGGCAAAAGGTGAGTGTGGGGGGTCAGCTGGGGCTGTGGAACTGCACGAAGGATATAGTCTGGAGTTCACGGGGGTCCCGACTCAGCCTCCCCA,CACAGCCACGCTCCAGGCCCCACTGTCAACACGACAGCCCCTGGGGCCTGCGCCGTGAAAAGCCCTGGCCGTGGCGCCCCCCTGCCTGTGCCAGCCCACTTACCCGCTCGATGCTGTGCTGTAGACGCAGCTTTCCCCGGACGGCCTCCTGCTCCTTCAGGGGCTCCGCCAGGGAGGGAGGGGGTGCGATCTACAGGCAAAAGGTGAGTGTGGGGGGTCAGCTGGGGCTGTGGAACTGCACGAAGGATATAGTCTGGAGTTCACGGGGGTCCCGACTCAGCCTCCCCACTCCTAGGAGCC,chr16,1024_1,89275139,hgmd
44,ACTT,A,TGATGCTGGAAGCGCGAGAGGAGGGGCTGGCGGCGGCGCTCAGCCGTCAGCCAATGAGGGCAGAGGGCGGGGCTATCGGGGATCGCAGTTCCGACCTGGCCAGCCATGCCGTTCTCTGTCGACCCCTGCAGGCCACCAGGAGAATAACAACTTCTGCTCCGTCAACATCAACATTGGCCCAGGCGACTGCGAGTGGTTCGCGGTGCACGAGCACTACTGGGAGACCATCAGCGCTTTCTGTGATCGGTGCGTGCCGTCCTGCGCAAGTCAGACTGCCGCGTCCCCGCCCTCGGTCCCCAG,TGATGCTGGAAGCGCGAGAGGAGGGGCTGGCGGCGGCGCTCAGCCGTCAGCCAATGAGGGCAGAGGGCGGGGCTATCGGGGATCGCAGTTCCGACCTGGCCAGCCATGCCGTTCTCTGTCGACCCCTGCAGGCCACCAGGAGAATAACAACTGCTCCGTCAACATCAACATTGGCCCAGGCGACTGCGAGTGGTTCGCGGTGCACGAGCACTACTGGGAGACCATCAGCGCTTTCTGTGATCGGTGCGTGCCGTCCTGCGCAAGTCAGACTGCCGCGTCCCCGCCCTCGGTCCCCAGTTC,chr17,1024_1,7851969,hgmd
45,CCCGCCG,C,GAGGAAGAAGAGGGCGACGAGGAGGAGGAGGAGGAGGTGGAGGCGGCCGACGAGGACGATGAGGAGGACGACGACGAGGGAGTACTCGGGCGCGGGCCGGGCCACGACCGGGGCCGCGACCGCCACAGCCCCCCCGGCTGCCACCTCTTCCCGCCGCCGCCGCCGCCGCCGCCACCGCTGCCCCCGCCGCCGCCGCCCCCGCCGCCAGGTAAGCGCCCGCCCCGACTCCCCCCCCAAGCCCGAGTGGGAGCCGCGGGCGCGCGAAGCCGGGCGGGGGCGAGGCACCCACCGCGCGGCCGA,GAGGAAGAAGAGGGCGACGAGGAGGAGGAGGAGGAGGTGGAGGCGGCCGACGAGGACGATGAGGAGGACGACGACGAGGGAGTACTCGGGCGCGGGCCGGGCCACGACCGGGGCCGCGACCGCCACAGCCCCCCCGGCTGCCACCTCTTCCCGCCGCCGCCGCCGCCACCGCTGCCCCCGCCGCCGCCGCCCCCGCCGCCAGGTAAGCGCCCGCCCCGACTCCCCCCCCAAGCCCGAGTGGGAGCCGCGGGCGCGCGAAGCCGGGCGGGGGCGAGGCACCCACCGCGCGGCCGAGCCGAG,chr17,1024_1,7885025,hgmd
46,TCAG,T,TTCTGACCTCCATCGCTGGGTGAGAAAAAATTGCTGTGATACCTGTGGCAGGGCACGAGGATGACAGAGTTAAGGGGCCACGAGCACATTATTACCTGTGAACTCGCCAAAGAACTTTTTGCAGACCAGCCTGAGCAAGGGGCGGATGTTCAGCTTCAGCTCCTCCTTCGTCAGGTGGATGCCAAGCTCGTCTAGGGTCCGTGGGAGGCTGGTGTCCACGTCACCTACAACCTGTGAGGGTGTAAGACACCATGTCAGCTGTAGTGAGAGCCTGAGCATGGTGCTAGAGGGAGACAAGGG,TTCTGACCTCCATCGCTGGGTGAGAAAAAATTGCTGTGATACCTGTGGCAGGGCACGAGGATGACAGAGTTAAGGGGCCACGAGCACATTATTACCTGTGAACTCGCCAAAGAACTTTTTGCAGACCAGCCTGAGCAAGGGGCGGATGTTCTTCAGCTCCTCCTTCGTCAGGTGGATGCCAAGCTCGTCTAGGGTCCGTGGGAGGCTGGTGTCCACGTCACCTACAACCTGTGAGGGTGTAAGACACCATGTCAGCTGTAGTGAGAGCCTGAGCATGGTGCTAGAGGGAGACAAGGGAAG,chr17,938_1,44864984,hgmd
47,T,TTGTAGAGTCATTGCCCTC,TCCCAGGAAGACAGACTTGGAGTGGGGACGAGCAGGGAGTTCCAGCCTGAGGGCAAAGGCACAAACAGTCCAGTGGAATGAGTGCTGGCATGAGCTTCTCTGCACTTATTCTTCCAGAAAGACATCGTAGTGGCCTCCAACAAGGTATCTTGTAGAGTCATTGCCCTCTCCTTCTCAGAGGACAGCAGCTATTTTGTCACTGTTGGGAACCGCCATGTGAGGTTCTGGTTCTTGGAAGTCTCCACTGAGACAAAGGTGAGTTTCTGTCCCTGCCCCTTTAGCCAGGCCCTGAGGGAGTCA,TCCCAGGAAGACAGACTTGGAGTGGGGACGAGCAGGGAGTTCCAGCCTGAGGGCAAAGGCACAAACAGTCCAGTGGAATGAGTGCTGGCATGAGCTTCTCTGCACTTATTCTTCCAGAAAGACATCGTAGTGGCCTCCAACAAGGTATCTTGTAGAGTCATTGCCCTCTGTAGAGTCATTGCCCTCTCCTTCTCAGAGGACAGCAGCTATTTTGTCACTGTTGGGAACCGCCATGTGAGGTTCTGGTTCTTGGAAGTCTCCACTGAGACAAAGGTGAGTTTCTGTCCCTGCCCCTTTAGC,chr19,1024_1,36067338,hgmd
48,AGAAGCGCGT,A,GTTGAACTGCAGCTCCTTGGCCACTGGCCGGATTTTCTGTCGGAGGTCTTGGTAGCGGAAGCCGAGCACCTTGCCTTTAAGGGTGGCGGCCAGCAGCTCCCCGCGCCCGCCGGCGCCGCCTGCCAGCCCGTACACATTGCTCTGCGACGAGAAGCGCGTGAAGCTGTCCTCGCGCAACGGACAAGGCCCCGCGGCCACGGCCGCCTCCCCCATCATGCCCCTCAGTTAAGCACCCTCTCCGCAGCCCCCGCCCCAACCCGCACTACCCAACCTACGACTCTCTAAGCGACCTGAACCGCC,GTTGAACTGCAGCTCCTTGGCCACTGGCCGGATTTTCTGTCGGAGGTCTTGGTAGCGGAAGCCGAGCACCTTGCCTTTAAGGGTGGCGGCCAGCAGCTCCCCGCGCCCGCCGGCGCCGCCTGCCAGCCCGTACACATTGCTCTGCGACGAGAAGCTGTCCTCGCGCAACGGACAAGGCCCCGCGGCCACGGCCGCCTCCCCCATCATGCCCCTCAGTTAAGCACCCTCTCCGCAGCCCCCGCCCCAACCCGCACTACCCAACCTACGACTCTCTAAGCGACCTGAACCGCCGGGTGCCCG,chr19,435_1,47484094,hgmd
49,TCTC,T,CACTGCTCCCAGCCAATGAATGATTTTTTTTTTTTAAAGGGTGAGGCCACAAGACAGGGCGGGGGCGGCATGGGAACTCCTAGCCCTGACTCCCGGCCGCGGCTGCTCCCCTCCCAGGTACTACGACGTCCCCATCGCCACCCTGGACTTCTCCTCGCTGTACCCGTCCATCATGATGGCCCACAACCTGTGTTACACCACGCTCCTTCGGCCCGGGACTGCACAGAAACTGGGGTATAGTGCCCAATTCAGCATGTGTCCCCCGAGGCCCATCTGGGCCTTCCCTTGGGGGGCTCAGTC,CACTGCTCCCAGCCAATGAATGATTTTTTTTTTTTAAAGGGTGAGGCCACAAGACAGGGCGGGGGCGGCATGGGAACTCCTAGCCCTGACTCCCGGCCGCGGCTGCTCCCCTCCCAGGTACTACGACGTCCCCATCGCCACCCTGGACTTCTCGCTGTACCCGTCCATCATGATGGCCCACAACCTGTGTTACACCACGCTCCTTCGGCCCGGGACTGCACAGAAACTGGGGTATAGTGCCCAATTCAGCATGTGTCCCCCGAGGCCCATCTGGGCCTTCCCTTGGGGGGCTCAGTCTGG,chr19,1024_1,50408817,hgmd
50,T,TACACAGAATCGCCAGATCGAC,TTCCACCCTCTGTCTTCTAAAACTTGCTCTTTGGATCCCAGGGTAACAAATGATGCCCGAGAAAATGAAATGGATGAAAACCTAGAGCAGGTGAGCGGCATCATCGGGAACCTCCGTCACATGGCCCTGGATATGGGCAATGAGATCGATACACAGAATCGCCAGATCGACAGGATCATGGAGAAGGTGAGCACGTGGCAGTCAGCAAGTCCCTACTGCGAGTCACTTCTGAAATGACCAACAGGAAGTGTGAAGGGCATAACAAGATCCTCAAAACACGACCTTGGATTCAGGCGCACT,TTCCACCCTCTGTCTTCTAAAACTTGCTCTTTGGATCCCAGGGTAACAAATGATGCCCGAGAAAATGAAATGGATGAAAACCTAGAGCAGGTGAGCGGCATCATCGGGAACCTCCGTCACATGGCCCTGGATATGGGCAATGAGATCGATACACAGAATCGCCAGATCGACACACAGAATCGCCAGATCGACAGGATCATGGAGAAGGTGAGCACGTGGCAGTCAGCAAGTCCCTACTGCGAGTCACTTCTGAAATGACCAACAGGAAGTGTGAAGGGCATAACAAGATCCTCAAAACAC,chr20,215_1,10299376,hgmd
51,GACGTGAAGCGGC,G,GCGTGGCCACCGAGGTGGTGTACCGCTGCGACACCTGCGGCCAGACCTTCGCCAACCGCTGCAACCTGAAGAGCCACCAGCGCCACGTGCACAGCAGCGAGCGCCATTTCCCATGCGAGCTGTGCGGGAAGAAGTTCAAGCGCAAGAAGGACGTGAAGCGGCACGTGCTGCAGGTGCATGAGGGCGGCGGCGAGCGGCACCGCTGCGGCCAGTGCGGCAAGGGCCTGAGTTCCAAGACAGCGCTGCGGCTGCACGAGCGCACACACACGGGAGACCGGCCCTACGGCTGCACCGAGTGCG,GCGTGGCCACCGAGGTGGTGTACCGCTGCGACACCTGCGGCCAGACCTTCGCCAACCGCTGCAACCTGAAGAGCCACCAGCGCCACGTGCACAGCAGCGAGCGCCATTTCCCATGCGAGCTGTGCGGGAAGAAGTTCAAGCGCAAGAAGGACGTGCTGCAGGTGCATGAGGGCGGCGGCGAGCGGCACCGCTGCGGCCAGTGCGGCAAGGGCCTGAGTTCCAAGACAGCGCTGCGGCTGCACGAGCGCACACACACGGGAGACCGGCCCTACGGCTGCACCGAGTGCGGCGCCAGGTTCT,chr20,709_1,23365554,hgmd
52,ACTT,A,CTTACTAGCATTGACTCTGGAATCCTTCTCATCATGATTTTCAAATAGCCACTCAGCATCAAAATCCATCTCATGCTTGACTTTATTTAATTCTTTCATGTTAAACCCCAGCAACACGCCAGGCTTGTACTTTTCACAATCACGGACACACTTCTTCCTTTTGTTACTAAAATGGGAAGCGATGTCACTCTTCCATAACCATAAACTGGCTGCTAGCTTCTCAATTTCTCTCCTGGTGGGATAGGGCTGTTTGTTGAAATACTTTGTTAGAAAGCTTTTCCTGGCTTCATAGGAATCATC,CTTACTAGCATTGACTCTGGAATCCTTCTCATCATGATTTTCAAATAGCCACTCAGCATCAAAATCCATCTCATGCTTGACTTTATTTAATTCTTTCATGTTAAACCCCAGCAACACGCCAGGCTTGTACTTTTCACAATCACGGACACACTTCCTTTTGTTACTAAAATGGGAAGCGATGTCACTCTTCCATAACCATAAACTGGCTGCTAGCTTCTCAATTTCTCTCCTGGTGGGATAGGGCTGTTTGTTGAAATACTTTGTTAGAAAGCTTTTCCTGGCTTCATAGGAATCATCTTC,chr20,1024_1,50892283,hgmd
53,CGAA,C,CCTGGGGGCTGTGGACCTGCTGAGAGCTGCTCCTGCCCCAGGTCCCACCTAGGGAACTGTGCCCAGGGGCCTGTGGTCACCTCGGGAGCCTACAAGACCTCGTCCCCCTCCAAGGCAGGCAGGGGCAGCTGGACTTACTGCAGGCAGCGCGAAGAAGGAGACACCGATGAGGGTGAAGGTTGCCGCAAGGAGCCTGCCGTTCCAGGTCTGGGGGTACTTGTCCCCGTAGCCAATGGTGGTCAGCGTGATCTGTGGGACCGCAGGCTCTAGTCACACGAAGGGCCTGCTCACACCCCTGAG,CCTGGGGGCTGTGGACCTGCTGAGAGCTGCTCCTGCCCCAGGTCCCACCTAGGGAACTGTGCCCAGGGGCCTGTGGTCACCTCGGGAGCCTACAAGACCTCGTCCCCCTCCAAGGCAGGCAGGGGCAGCTGGACTTACTGCAGGCAGCGCGAAGGAGACACCGATGAGGGTGAAGGTTGCCGCAAGGAGCCTGCCGTTCCAGGTCTGGGGGTACTTGTCCCCGTAGCCAATGGTGGTCAGCGTGATCTGTGGGACCGCAGGCTCTAGTCACACGAAGGGCCTGCTCACACCCCTGAGGGC,chr20,845_1,63439609,hgmd
54,C,CCCG,TTCACGGCCAGCAGCCTGAGCAGCCTGGGGGCCGCGGGGGGCTTCCCGGGCGCCGCGTCGCCCGGCGCCGACCCGTACGGCCCGCGCGAGCCCCCGCCGCCGCCGCCGCGCTACGACCCGTGCGCCGCCGCCGCCCCCGGCGCCCCGGGCCCGCCGCCGCCGCCGCACGCCTACCCGTTTGCGCCGGCCGCCGGGGCCGCCACCAGCGCCGCCGCCGAGCCCGAGGGCCCCGGGGCCAGCTGCGCGGCCGCAGCCAAGGCGCCGGTGAAGAAGAACGCGAAGGTGGCCGGTGTGAGCGTG,TTCACGGCCAGCAGCCTGAGCAGCCTGGGGGCCGCGGGGGGCTTCCCGGGCGCCGCGTCGCCCGGCGCCGACCCGTACGGCCCGCGCGAGCCCCCGCCGCCGCCGCCGCGCTACGACCCGTGCGCCGCCGCCGCCCCCGGCGCCCCGGGCCCGCCGCCGCCGCCGCCGCACGCCTACCCGTTTGCGCCGGCCGCCGGGGCCGCCACCAGCGCCGCCGCCGAGCCCGAGGGCCCCGGGGCCAGCTGCGCGGCCGCAGCCAAGGCGCCGGTGAAGAAGAACGCGAAGGTGGCCGGTGTGAGC,chr22,401_1,19761056,hgmd
55,TATC,T,GTCCAAATGGTCTGGGATAGGGAGCCCAGTGATAATCGTCAGACACTTGTTCCACACGGTGAAGGTGGGGCAAACAGGCTGCGCAAATGCGACGTCGAAGGTGTAGAGGTGGATGGAGTTCAAAGCATCATAAAAGGCGATAGAGCCGTTATCATAGTCCAGCAGGATGCCCACGCGCCGGAGGTGGGGGGCAGGCTCAATGGGGATTTCCTTGCTATTGTGTCTCACCACCCAGTTATTGTTGCAGCGGCAGAGCGCCCAGGAAGCAGAGTTCTTCCCAATCCATTCATGCTTCGGGGC,GTCCAAATGGTCTGGGATAGGGAGCCCAGTGATAATCGTCAGACACTTGTTCCACACGGTGAAGGTGGGGCAAACAGGCTGCGCAAATGCGACGTCGAAGGTGTAGAGGTGGATGGAGTTCAAAGCATCATAAAAGGCGATAGAGCCGTTATAGTCCAGCAGGATGCCCACGCGCCGGAGGTGGGGGGCAGGCTCAATGGGGATTTCCTTGCTATTGTGTCTCACCACCCAGTTATTGTTGCAGCGGCAGAGCGCCCAGGAAGCAGAGTTCTTCCCAATCCATTCATGCTTCGGGGCTGA,chrX,668_1,10449538,hgmd
56,GGAT,G,CTTATTACTATATAGATCTGCTAACCACATACAAATATATATTTATTTATATTAGTTTATCTGAATGTCCTCAGGGATTTTGAGGGATGAGGTCAAGGGATGATGTGGGAGACGGCTCATACTTACCATAATGCAACTTGACAATAAAAGGATGATTAACCTCTACCAAGATATCACGTTCCATTTTTGTCCGAACTCGGTCTCGAACTATAAAAGATTGTATGTATGCTACATTGTAATATCTTTCAAAGATAATCTTCAAAACAAATTCTTTTTGGTGCCCATGTTAAATAAAATTTT,CTTATTACTATATAGATCTGCTAACCACATACAAATATATATTTATTTATATTAGTTTATCTGAATGTCCTCAGGGATTTTGAGGGATGAGGTCAAGGGATGATGTGGGAGACGGCTCATACTTACCATAATGCAACTTGACAATAAAAGGATTAACCTCTACCAAGATATCACGTTCCATTTTTGTCCGAACTCGGTCTCGAACTATAAAAGATTGTATGTATGCTACATTGTAATATCTTTCAAAGATAATCTTCAAAACAAATTCTTTTTGGTGCCCATGTTAAATAAAATTTTGCT,chrX,741_1,20195088,hgmd
57,GGAAACA,G,GAAAAGGTGGTGGAATGCTTATATACTTTTTTATGAACGAATGGACACAATAGACCAAGATGATGAGTTGATAAGATATATATCAGAGCTTGCTATCACCACCAGACCTCATCAGATTATTATGCCATCAGCCATTGAGAGAAGTGTACGGAAACAGAACGTACAATTCATGCATAACCGAATGCAGTACAGTATGGAGTATTTTCAGTTTATGAAAAAACTGCTTACATGTAATGGCGTTTACTTAAACCCTCCTCCCGGTGAGTATCAAGAGAGTTTAGCTTCTTAGTAATAAAGAAT,GAAAAGGTGGTGGAATGCTTATATACTTTTTTATGAACGAATGGACACAATAGACCAAGATGATGAGTTGATAAGATATATATCAGAGCTTGCTATCACCACCAGACCTCATCAGATTATTATGCCATCAGCCATTGAGAGAAGTGTACGGAACGTACAATTCATGCATAACCGAATGCAGTACAGTATGGAGTATTTTCAGTTTATGAAAAAACTGCTTACATGTAATGGCGTTTACTTAAACCCTCCTCCCGGTGAGTATCAAGAGAGTTTAGCTTCTTAGTAATAAAGAATAATTTA,chrX,1024_1,41216542,hgmd
58,TGAA,T,AAACACTGTCATCTACCAATGTCTGTTTAAAAGTAATGAGCAGGATTTGTTTGTTTGTTTTTGAACAGGGTCTGGAAAAACTGCAGCATTTCTGTTGCCCATCTTGAGTCAGATTTATTCAGATGGTCCAGGCGAGGCTTTGAGGGCCATGAAGGTAGATGTTTCTTTATAAAATGGGAAATTGTAGAACTTTGTAGGTGGCCATTGAGAGGGCTTTCTAAATGATGCTAAGACTTAAGTAGAATGAAAACCAGTTTTCAAGTGTAATCTGTAATCTATAAATTACAAAAGGGAATTATG,AAACACTGTCATCTACCAATGTCTGTTTAAAAGTAATGAGCAGGATTTGTTTGTTTGTTTTTGAACAGGGTCTGGAAAAACTGCAGCATTTCTGTTGCCCATCTTGAGTCAGATTTATTCAGATGGTCCAGGCGAGGCTTTGAGGGCCATGGTAGATGTTTCTTTATAAAATGGGAAATTGTAGAACTTTGTAGGTGGCCATTGAGAGGGCTTTCTAAATGATGCTAAGACTTAAGTAGAATGAAAACCAGTTTTCAAGTGTAATCTGTAATCTATAAATTACAAAAGGGAATTATGTTG,chrX,662_1,41343818,hgmd
59,ATCT,A,ATTTTAAATATTTCTACGTAGGAAAGTAAGAATAGTAGCAAGTTACTTTATGGAAGACCTTTGTTTATATACTTTTTTGGGAACTCTTTTAGGCCTGGCAACCTCATTCTTTAACGAGAGGAACATAAATATTACTAAGGATTTGTTGGATCTTCTTGTTGAAGCTAAACAAGAAGTGCCGTCTTGGTTAGAAAACATGGCTTATGAACACCACTACAAGGGTAGCAGTCGTGGACGTTCTAAGAGGTGAGGTATAAATAGTATATAATGAGGGGAATGGGTGTTCACTTACAGTTCATA,ATTTTAAATATTTCTACGTAGGAAAGTAAGAATAGTAGCAAGTTACTTTATGGAAGACCTTTGTTTATATACTTTTTTGGGAACTCTTTTAGGCCTGGCAACCTCATTCTTTAACGAGAGGAACATAAATATTACTAAGGATTTGTTGGATCTTGTTGAAGCTAAACAAGAAGTGCCGTCTTGGTTAGAAAACATGGCTTATGAACACCACTACAAGGGTAGCAGTCGTGGACGTTCTAAGAGGTGAGGTATAAATAGTATATAATGAGGGGAATGGGTGTTCACTTACAGTTCATAGTG,chrX,662_1,41346916,hgmd
60,TTGG,T,GGGTATCACACAACACAGGATGGCCGTGAGGGGGTGGCGGGATGCCCAGGGAGGACTATCCCTCTCACTTACTGTGGGGACCTCCTACCTCCCACCCCGGTCCTCCTCAGGCTCACTTGTCATGGCGCATGCGCACAGAAAGCACTGGCTTGGTGAAGGTGAACTCCAGCACCAGCTTCTCCTTGGAGTCCTTGCCCTCCCGGGCATCGTCCCAGATCAGCACTGCTGGGCAGGTGGGTGGGTTGTCGGGGCCAAGGTTTAGGGTAAGGGGCAGCCCTGGTGACACAGGATCCACCCCTG,GGGTATCACACAACACAGGATGGCCGTGAGGGGGTGGCGGGATGCCCAGGGAGGACTATCCCTCTCACTTACTGTGGGGACCTCCTACCTCCCACCCCGGTCCTCCTCAGGCTCACTTGTCATGGCGCATGCGCACAGAAAGCACTGGCTTGAAGGTGAACTCCAGCACCAGCTTCTCCTTGGAGTCCTTGCCCTCCCGGGCATCGTCCCAGATCAGCACTGCTGGGCAGGTGGGTGGGTTGTCGGGGCCAAGGTTTAGGGTAAGGGGCAGCCCTGGTGACACAGGATCCACCCCTGCTT,chrX,361_1,49076678,hgmd
61,A,AAGCGGCCTC,GCCTTCTCCACTGACAGCATCTCCTTCTCCAGCTCATCCATGTCACCTTTACGCTTCTTGTAGTGCTTCTGAGCATTCTGCAGAGACTTCTTGGCTGCTTCCAGCTTCTTGATTTTGTGGGAGGTGTTCTCCTTGGCTTTGATGTACTGAGGCCGCTTCTGGTTCAATTCTGAGTCCTTCTCCCTTTTGCCAGAGGGGTGGGGGAAACCAGTGAGAACTATGGAAGAAGGGAGGGTTCCCAGGCTTTTCACCCAAAGGAGAGCTTGAGCCCCTGAGCCAACCTCAGGGAATTACTTAAAA,GCCTTCTCCACTGACAGCATCTCCTTCTCCAGCTCATCCATGTCACCTTTACGCTTCTTGTAGTGCTTCTGAGCATTCTGCAGAGACTTCTTGGCTGCTTCCAGCTTCTTGATTTTGTGGGAGGTGTTCTCCTTGGCTTTGATGTACTGAAGCGGCCTCGGCCGCTTCTGGTTCAATTCTGAGTCCTTCTCCCTTTTGCCAGAGGGGTGGGGGAAACCAGTGAGAACTATGGAAGAAGGGAGGGTTCCCAGGCTTTTCACCCAAAGGAGAGCTTGAGCCCCTGAGCCAACCTCAGGGAAT,chrX,1024_1,53412220,hgmd
62,GGGA,G,GTGCATCCCTTACAGTTCGAAACCTTCCTCAGTATGTGTCCAACGAACTGCTGGAAGAAGCCTTTTCTGTGTTTGGCCAGGTAGAGAGGGCTGTAGTCATTGTGGATGATCGAGGAAGGCCCTCAGGAAAAGGCATTGTTGAGTTCTCAGGGAAGCCAGCTGCTCGGAAAGCTCTGGACAGATGCAGTGAAGGCTCCTTCCTGCTAACCACGTAAGTGAGGGTCATTTTCAGACGTAGACCTTAGATTGCTAATTCCTTCCATGGTCTGGAGAGTTAGCCTCTAGTAACCACTTTTCTAT,GTGCATCCCTTACAGTTCGAAACCTTCCTCAGTATGTGTCCAACGAACTGCTGGAAGAAGCCTTTTCTGTGTTTGGCCAGGTAGAGAGGGCTGTAGTCATTGTGGATGATCGAGGAAGGCCCTCAGGAAAAGGCATTGTTGAGTTCTCAGAGCCAGCTGCTCGGAAAGCTCTGGACAGATGCAGTGAAGGCTCCTTCCTGCTAACCACGTAAGTGAGGGTCATTTTCAGACGTAGACCTTAGATTGCTAATTCCTTCCATGGTCTGGAGAGTTAGCCTCTAGTAACCACTTTTCTATGTT,chrX,383_1,71294467,hgmd
63,T,TAACTATCCTAATAATAACAGAGAGAAC,CCATCACTGCCTGGTAATGACTTTACCTAGCCCATATTCTATGGAGTCCGGATGATCATCATCGCCCTCTTGGCTGACCTTCTGGAGATGCTGCAGATAAGCATCAGTGTGGAAGGTGGCCATCTCCTCCATGGAGGCCACTTTAGGCTTAACTATCCTAATAATAACAGAGAGAACAAAGAGAGGTCAGTGAGTCAGACCCAGCGTATGCCAGAAGCTAGAAACAGAAGCCAGCAGTCTGAGAAGAAAATACGTCTCAACTTCTGGTTCCAATAGGCTGGAGTAATAAACATATTCTGT,CCATCACTGCCTGGTAATGACTTTACCTAGCCCATATTCTATGGAGTCCGGATGATCATCATCGCCCTCTTGGCTGACCTTCTGGAGATGCTGCAGATAAGCATCAGTGTGGAAGGTGGCCATCTCCTCCATGGAGGCCACTTTAGGCTTAACTATCCTAATAATAACAGAGAGAACAACTATCCTAATAATAACAGAGAGAACAAAGAGAGGTCAGTGAGTCAGACCCAGCGTATGCCAGAAGCTAGAAACAGAAGCCAGCAGTCTGAGAAGAAAATACGTCTCAACTTCTGGTTCCAA,chrX,157_1,72568877,hgmd
64,GTATGAT,G,CAAGCTGGCAATGCAGACCAATGCAATGCCCCCTGTGAAAGGCCAGAGAAGAAGAGCTGAGATACCAGCAGTACCACCAGGCACTACACTAAGCTAAAGTGTCTTTGCACTTGTTTTCTCTGCAGCATGGGTCGGAGCCCTCGCGATGGGTATGATCTTCTTCTGTTCTCCCATTGTGAGTATATTCACTGACCGTTTGGGCTGCCGAATCACAGCAACCGCGGGGGCTGCCGTTGCTTTCATTGGCCTCCATACCAGCTCCTTCACCAGGTAAGGCTAAGAGTTGGTGGTTATTTCCCC,CAAGCTGGCAATGCAGACCAATGCAATGCCCCCTGTGAAAGGCCAGAGAAGAAGAGCTGAGATACCAGCAGTACCACCAGGCACTACACTAAGCTAAAGTGTCTTTGCACTTGTTTTCTCTGCAGCATGGGTCGGAGCCCTCGCGATGGGCTTCTTCTGTTCTCCCATTGTGAGTATATTCACTGACCGTTTGGGCTGCCGAATCACAGCAACCGCGGGGGCTGCCGTTGCTTTCATTGGCCTCCATACCAGCTCCTTCACCAGGTAAGGCTAAGAGTTGGTGGTTATTTCCCCAAGGCT,chrX,539_1,74521014,hgmd
65,TAAG,T,CCCAAAATATGAATATTCATGTTTATTATAATGATTGTAATTCATTCTTGTATTTTAATTGCCATTCAGGTGGCCATAAAGCAGATGAACCTTCAACAGCAACCCAAGAAGGAATTAATTATTAATGAAATTCTGGTCATGAGGGAAAATAAGAACCCTAATATTGTTAATTATTTAGATAGGTAAGTGTTTTGTCTTATTATGTACTTATATTCTTTGTGGGATGTCATTTTTTCTTGGCAAATTACTTTATTTGGGATTCGTTCATTTAACATTCTGCAAATATTTCTCAAATGCTAC,CCCAAAATATGAATATTCATGTTTATTATAATGATTGTAATTCATTCTTGTATTTTAATTGCCATTCAGGTGGCCATAAAGCAGATGAACCTTCAACAGCAACCCAAGAAGGAATTAATTATTAATGAAATTCTGGTCATGAGGGAAAATAACCCTAATATTGTTAATTATTTAGATAGGTAAGTGTTTTGTCTTATTATGTACTTATATTCTTTGTGGGATGTCATTTTTTCTTGGCAAATTACTTTATTTGGGATTCGTTCATTTAACATTCTGCAAATATTTCTCAAATGCTACAGT,chrX,560_1,111192586,hgmd
66,TATG,T,AAGCAAAGTATTCTTGACTATTTTTGTTTTGTCTATAATGTTAAAACCTTAGTGGTCTTGTTACGTTTAATGTACCTACTTCTTTGTTCTTAGTCTATGCAGATGGTAGTATATGTCTGGACATACTTCAGAACCGTTGGAGTCCAACCTATGATGTGTCTTCCATTCTAACATCCATACAGGTGAATTTTTCCTTAATGTGACGAACTATAACTTTTAATATGTTTATATTAGCAATTGAATTGTTTTTGAAAGTCATAATGTAATAGATCTTTTTATTTTTGGTCAAAGCTTGTTTGT,AAGCAAAGTATTCTTGACTATTTTTGTTTTGTCTATAATGTTAAAACCTTAGTGGTCTTGTTACGTTTAATGTACCTACTTCTTTGTTCTTAGTCTATGCAGATGGTAGTATATGTCTGGACATACTTCAGAACCGTTGGAGTCCAACCTATGTGTCTTCCATTCTAACATCCATACAGGTGAATTTTTCCTTAATGTGACGAACTATAACTTTTAATATGTTTATATTAGCAATTGAATTGTTTTTGAAAGTCATAATGTAATAGATCTTTTTATTTTTGGTCAAAGCTTGTTTGTTTT,chrX,123_1,119582644,hgmd
67,TGAA,T,ATGAGGAAACCCATGTTTTAAATGGGCACTAGCCTCATCCACTAATGTTGGCAGGAATGTTCATCAGCAGTGACAAAGCATTTTGAGATTTTTGTCTTTCATCATTGTAGACTATACTGTAAAAATCATAGTGGAAATGATGAGAGAGATGAAGAAGATGAGGAACGAGAGAGTAAAAGCCGAGGAAAAGTAGAAATTGATCAGCAACAACTAACTCAGCAGCAACTTAATGGAAACTAGGTATGAAAGTTAATTATATGGGATCTGTTGTCAGGATACAATACACACTGATATATACAT,ATGAGGAAACCCATGTTTTAAATGGGCACTAGCCTCATCCACTAATGTTGGCAGGAATGTTCATCAGCAGTGACAAAGCATTTTGAGATTTTTGTCTTTCATCATTGTAGACTATACTGTAAAAATCATAGTGGAAATGATGAGAGAGATGAAGATGAGGAACGAGAGAGTAAAAGCCGAGGAAAAGTAGAAATTGATCAGCAACAACTAACTCAGCAGCAACTTAATGGAAACTAGGTATGAAAGTTAATTATATGGGATCTGTTGTCAGGATACAATACACACTGATATATACATGTT,chrX,366_1,134425240,hgmd
68,TCAA,T,CAGCAGGGCGCTGCGGGGGAGCCCTGCAGGCCCCTCATGCCTGCGCTCTCCGGCCCTTCTCTAGGTGTGGATAGATGCGGGGACCCAGATTTTCTTTTCTTACGCCATTGGCCTGGGGGCCCTCACAGCCCTGGGCAGCTACAACCGCTTCAACAACAACTGCTACAAGTAAGCACCGCCGCCCTGCCACCCGTGCCCTGTCCTGCCCTGCCCCGCCCTGCCCAGCAGCCTAACCCATCCACTCTGGCCCCTCCACCCCTCAGGGACGCCATCATCCTGGCTCTCATCAACAGTGGGACC,CAGCAGGGCGCTGCGGGGGAGCCCTGCAGGCCCCTCATGCCTGCGCTCTCCGGCCCTTCTCTAGGTGTGGATAGATGCGGGGACCCAGATTTTCTTTTCTTACGCCATTGGCCTGGGGGCCCTCACAGCCCTGGGCAGCTACAACCGCTTCAACAACTGCTACAAGTAAGCACCGCCGCCCTGCCACCCGTGCCCTGTCCTGCCCTGCCCCGCCCTGCCCAGCAGCCTAACCCATCCACTCTGGCCCCTCCACCCCTCAGGGACGCCATCATCCTGGCTCTCATCAACAGTGGGACCAGC,chrX,626_1,153693348,hgmd
69,GTTC,G,TGTTGCAGGCAGGGCTCAGGGTGCGCACAGGGCAGGACATCGGCTACAAGGTCTAGAGCCTGCACCTTTCCCACAGGGCCGGGCCTGGCCTTCATCGCCTACCCGCGGGCTGTCACGCTGATGCCAGTGGCCCCACTCTGGGCTGCCCTGTTCTTCTTCATGCTGTTGCTGCTTGGTCTCGACAGCCAGGTTTGCATGGGGCTCTGGGACAGGGAGCCAGGAGGGGGGCGGAGGGAGGGCTGCAGGCAAGGAAAGGGGTGGAGGGCGGTGCGGGGCTCGGCCTGAGCTGCCCTGGCCACA,TGTTGCAGGCAGGGCTCAGGGTGCGCACAGGGCAGGACATCGGCTACAAGGTCTAGAGCCTGCACCTTTCCCACAGGGCCGGGCCTGGCCTTCATCGCCTACCCGCGGGCTGTCACGCTGATGCCAGTGGCCCCACTCTGGGCTGCCCTGTTCTTCATGCTGTTGCTGCTTGGTCTCGACAGCCAGGTTTGCATGGGGCTCTGGGACAGGGAGCCAGGAGGGGGGCGGAGGGAGGGCTGCAGGCAAGGAAAGGGGTGGAGGGCGGTGCGGGGCTCGGCCTGAGCTGCCCTGGCCACAGTT,chrX,626_1,153693978,hgmd
70,CGGCGGG,C,TCCCCGAGAGGTGGCACTCCGGGCTCCGGCGCGGCGGCGGCTGCCGGCTCCAAGCCGCCTCCCTCCTCCAGCGCCTCCGCCTCCTCGTCGTCTTCGTCCTTCGCTCAGCAGCGCTTCGGGGCCATGGGGGGAGGCGGCCCCTCCGCGGCCGGCGGGGGAACTCCCCAGCCCACCGCCACCCCCACCCTCAACCAACTGCTCACGTCGCCCAGCTCGGCCCGGGGCTACCAGGGCTACCCCGGGGGCGACTACAGTGGCGGGCCCCAGGACGGGGGCGCCGGCAAGGGCCCGGCGGACATG,TCCCCGAGAGGTGGCACTCCGGGCTCCGGCGCGGCGGCGGCTGCCGGCTCCAAGCCGCCTCCCTCCTCCAGCGCCTCCGCCTCCTCGTCGTCTTCGTCCTTCGCTCAGCAGCGCTTCGGGGCCATGGGGGGAGGCGGCCCCTCCGCGGCCGGAACTCCCCAGCCCACCGCCACCCCCACCCTCAACCAACTGCTCACGTCGCCCAGCTCGGCCCGGGGCTACCAGGGCTACCCCGGGGGCGACTACAGTGGCGGGCCCCAGGACGGGGGCGCCGGCAAGGGCCCGGCGGACATGGCCTCG,chr1,1024_0,26697249,gnomAD
71,TGCGGCGGCGGCAGCTGCG,T,ACCGCCACCCCCACCCTCAACCAACTGCTCACGTCGCCCAGCTCGGCCCGGGGCTACCAGGGCTACCCCGGGGGCGACTACAGTGGCGGGCCCCAGGACGGGGGCGCCGGCAAGGGCCCGGCGGACATGGCCTCGCAGTGTTGGGGGGCTGCGGCGGCGGCAGCTGCGGCGGCGGCCGCCTCGGGAGGGGCCCAACAAAGGAGCCACCACGCGCCCATGAGCCCCGGGAGCAGCGGCGGCGGGGGGCAGCCGCTCGCCCGGACCCCTCAGGTACACAGCTGAGTGGGGAGGGGGCTGGGG,ACCGCCACCCCCACCCTCAACCAACTGCTCACGTCGCCCAGCTCGGCCCGGGGCTACCAGGGCTACCCCGGGGGCGACTACAGTGGCGGGCCCCAGGACGGGGGCGCCGGCAAGGGCCCGGCGGACATGGCCTCGCAGTGTTGGGGGGCTGCGGCGGCCGCCTCGGGAGGGGCCCAACAAAGGAGCCACCACGCGCCCATGAGCCCCGGGAGCAGCGGCGGCGGGGGGCAGCCGCTCGCCCGGACCCCTCAGGTACACAGCTGAGTGGGGAGGGGGCTGGGGCGAGCGTGGTCCTGGGGG,chr1,1024_0,26697420,gnomAD
72,TTGCTGCTGCTGC,T,TGAGACAGGGGATGCGGTGGCTGCTGCTGCTGCTGCTGCTGCTGCTGCTGCTGCTGCTGCTGAAGCTGCGGAGGCTGAGGCTGCAGCGAGGGTCCCAGGGGCTGCTGGGGGGCTGCTGGTGGCGCTGGCGGTGGTGGCTGCTGCTGCTGTTGCTGCTGCTGCTGCTGCTGCTGCTCATCCCCAGAGGATGGACAGGGGCACTTGGGGTCTTCATCCAAGTCCCCCACCCCCGAGTCATGGAAGTGCCCAGAAGTGTCCATCTTGGGGCCTGGCTGTATTCCCTGCAGCACAAGCCCCCAC,TGAGACAGGGGATGCGGTGGCTGCTGCTGCTGCTGCTGCTGCTGCTGCTGCTGCTGCTGCTGAAGCTGCGGAGGCTGAGGCTGCAGCGAGGGTCCCAGGGGCTGCTGGGGGGCTGCTGGTGGCGCTGGCGGTGGTGGCTGCTGCTGCTGTTGCTGCTGCTGCTCATCCCCAGAGGATGGACAGGGGCACTTGGGGTCTTCATCCAAGTCCCCCACCCCCGAGTCATGGAAGTGCCCAGAAGTGTCCATCTTGGGGCCTGGCTGTATTCCCTGCAGCACAAGCCCCCACCCCAAAGCCACC,chr1,729_0,154869854,gnomAD
73,AAAT,A,CAAATCTAAAAACAGATTTACAATGGTGATTCTGTAACAATTTTAATATATCGTAATAATTTCAAAGACGGTCCCCCTGGAATACAGGCAAACAGAACAATAGTGAAGACATTACCTCCAATTCATTCAGTCTCTGGATACGTGGCGTAAAATGAAGTTTATCAACATCACATGCAAATGGTGGCTGCCAATCCTAGGAGAAAGCAAAGGCTCTTATTAGAATAACTTATAAGCATTTGACATTCAAAAATTTGTTTTAAAATTAAAACCCAGGTTAGGTAAATCTTATTCTAACCAATC,CAAATCTAAAAACAGATTTACAATGGTGATTCTGTAACAATTTTAATATATCGTAATAATTTCAAAGACGGTCCCCCTGGAATACAGGCAAACAGAACAATAGTGAAGACATTACCTCCAATTCATTCAGTCTCTGGATACGTGGCGTAAGAAGTTTATCAACATCACATGCAAATGGTGGCTGCCAATCCTAGGAGAAAGCAAAGGCTCTTATTAGAATAACTTATAAGCATTTGACATTCAAAAATTTGTTTTAAAATTAAAACCCAGGTTAGGTAAATCTTATTCTAACCAATCAAA,chr1,1024_0,202777051,gnomAD
74,CCCGCAGCCCCGG,C,GCCCTGCGGGTCGCGGGCACGGCGGGGCTGCGGGAGCCGGCCGCGCCGGGGCCGCCCTGCCCGCCGAGCTCGCCCACCCGGCCGCCGAGTGCGTGGATCCCGCCGTGGTCTTCCCCTTTCCCGTGAACAAGCGCGAGCCAGCGCCCGTGCCCGCAGCCCCGGCCAGTGCCCCGGCGGCGGGCCCTGCGGTCGCCTCGGGGGCGGGTATTGCCGCCCCAGCCGGGGCCCCGGGGGTCGCCCCTCCGCGCCCAGGCGGCCGCCAGACCAGCGGCGGCGACCACAAGGCCCTCAGTACCTCCG,GCCCTGCGGGTCGCGGGCACGGCGGGGCTGCGGGAGCCGGCCGCGCCGGGGCCGCCCTGCCCGCCGAGCTCGCCCACCCGGCCGCCGAGTGCGTGGATCCCGCCGTGGTCTTCCCCTTTCCCGTGAACAAGCGCGAGCCAGCGCCCGTGCCCAGTGCCCCGGCGGCGGGCCCTGCGGTCGCCTCGGGGGCGGGTATTGCCGCCCCAGCCGGGGCCCCGGGGGTCGCCCCTCCGCGCCCAGGCGGCCGCCAGACCAGCGGCGGCGACCACAAGGCCCTCAGTACCTCCGGAGAGGACACCC,chr2,462_0,15942680,gnomAD
75,T,TGCGGCG,GACGGCGGGGGCGCCGGTGGCGCCCCGGCCTCTTCCTCCTCCTCATCGGTGGCGGCGGCGGCGGCGTCAGGCCAGTGCCGCGGCTTTCTCTCCGCGCCTGTGTTCGCCGGGACGCATTCGGGGCGGGCGGCGGCGGCGGCAGCGGCGGCTGCGGCGGCGGCGGCGGCAGCCTCCGGCTTTGCGTACCCCGGGACCTCTGAGCGCACGGGCTCTTCCTCGTCGTCGTCCTCTTCTGCCGTTGTAGCGGCGCGCCCGGAGGCTCCCCCAGCCAAAGAGTGCCCAGCACCCACGCCTGCAGCG,GACGGCGGGGGCGCCGGTGGCGCCCCGGCCTCTTCCTCCTCCTCATCGGTGGCGGCGGCGGCGGCGTCAGGCCAGTGCCGCGGCTTTCTCTCCGCGCCTGTGTTCGCCGGGACGCATTCGGGGCGGGCGGCGGCGGCGGCAGCGGCGGCTGCGGCGGCGGCGGCGGCGGCGGCAGCCTCCGGCTTTGCGTACCCCGGGACCTCTGAGCGCACGGGCTCTTCCTCGTCGTCGTCCTCTTCTGCCGTTGTAGCGGCGCGCCCGGAGGCTCCCCCAGCCAAAGAGTGCCCAGCACCCACGCCT,chr2,347_0,176093082,gnomAD
76,TAGG,T,ATCAGTAGACAGTAGATGTTGCATGCACTTCTAAATGCTTTTTAAAAGAATTATGAACTGTCTGTTAAAATGATCATATCTATTTGTCTCCTTGCCACAGAACTATTCTCCCCAGTATGATTCATATGATGTCAAGTCTGGAGTAGCAGTAGGAGGACTCGCAGGCTATCCTGGACCAGCTGTACGTACAAATGTTTCTCAGCATTTTGGAGCTTTATTATCTTTCTGGTTTGTAAAATCTTGAATGGTTGCTCTTCTAGGAATTCAGTATTTTTATGGAATTGTACAAAATAGCTTACC,ATCAGTAGACAGTAGATGTTGCATGCACTTCTAAATGCTTTTTAAAAGAATTATGAACTGTCTGTTAAAATGATCATATCTATTTGTCTCCTTGCCACAGAACTATTCTCCCCAGTATGATTCATATGATGTCAAGTCTGGAGTAGCAGTAGGACTCGCAGGCTATCCTGGACCAGCTGTACGTACAAATGTTTCTCAGCATTTTGGAGCTTTATTATCTTTCTGGTTTGTAAAATCTTGAATGGTTGCTCTTCTAGGAATTCAGTATTTTTATGGAATTGTACAAAATAGCTTACCCCT,chr2,1024_0,188987108,gnomAD
77,AGACCCCTGGAGGGTTTACTCCCAG,A,AGGCCTTCTTCCCTCAACTTGGACCCTGCCATTCCCATTGCTGACCTCTTCTGGTTTGAGAATGTGGCCTCATTTAGTTCACCTGGAATGCAGGTCTCTGAGCCAGGAGACCCAAAGGTCACATGGATGACCTCATCTTACTGTAAAGCAGACCCCTGGAGGGTTTACTCCCAGGACCCCCAGGACCTGGACATTGTTGCTCATGCACTGACAGGCCGCCGTAACTCAGCTCCTGTGAGTGTGTCAGCTGTGAGAACCTCCTTCATGGTCAAAATGTGCCAGGCCAGGGCGGTCCCAGTC,AGGCCTTCTTCCCTCAACTTGGACCCTGCCATTCCCATTGCTGACCTCTTCTGGTTTGAGAATGTGGCCTCATTTAGTTCACCTGGAATGCAGGTCTCTGAGCCAGGAGACCCAAAGGTCACATGGATGACCTCATCTTACTGTAAAGCAGACCCCCAGGACCTGGACATTGTTGCTCATGCACTGACAGGCCGCCGTAACTCAGCTCCTGTGAGTGTGTCAGCTGTGAGAACCTCCTTCATGGTCAAAATGTGCCAGGCCAGGGCGGTCCCAGTCATCCCTCCCAAGATTCAGTACACC,chr3,1024_0,119415385,gnomAD
78,GCAACAGTAGCAGTGA,G,TGACAGTAATGGCAATGGTAACAATGGGAATGATGACAATGACAAATCAGACAGTGGCAAAGGTAAATCAGATAGCAGTGACAGTGATAGTAGTGATAGCAGCAATAGCAGTGATAGTAGTGACAGCAGTGACAGTGACAGCAGTGATAGCAACAGTAGCAGTGATAGTGACAGCAGTGACAGTGACAGCAGTGATAGCAGTGACAGTGATAGTAGTGATAGCAGCAATAGCAGTGACAGTAGTGACAGCAGTGATAGCAGTGACAGTAGTGATAGTAGTGACAGCAGTGACAGCAAGTC,TGACAGTAATGGCAATGGTAACAATGGGAATGATGACAATGACAAATCAGACAGTGGCAAAGGTAAATCAGATAGCAGTGACAGTGATAGTAGTGATAGCAGCAATAGCAGTGATAGTAGTGACAGCAGTGACAGTGACAGCAGTGATAGTAGTGACAGCAGTGACAGTGACAGCAGTGATAGCAGTGACAGTGATAGTAGTGATAGCAGCAATAGCAGTGACAGTAGTGACAGCAGTGATAGCAGTGACAGTAGTGATAGTAGTGACAGCAGTGACAGCAAGTCAGACAGCAGCAAATC,chr4,1024_0,87614383,gnomAD
79,CGACAGCAGTGATAGCAGT,C,AGTAGTGATAGCAGTGACAGCAGTGACAGCAGCGACAGCAGTGACAGCAGCGACAGCAGTGACAGCAGCGACAGCAGTGACAGCAATGAAAGCAGCGACAGCAGTGACAGCAGCGATAGCAGTGACAGCAGCAACAGCAGTGACAGCAGCGACAGCAGTGATAGCAGTGACAGCACATCTGACAGCAATGATGAGAGTGACAGCCAGAGCAAGTCTGGTAACGGTAACAACAATGGAAGTGACAGTGACAGTGACAGTGAAGGCAGTGACAGTAACCACTCAACCAGTGATGATTAGAAC,AGTAGTGATAGCAGTGACAGCAGTGACAGCAGCGACAGCAGTGACAGCAGCGACAGCAGTGACAGCAGCGACAGCAGTGACAGCAATGAAAGCAGCGACAGCAGTGACAGCAGCGATAGCAGTGACAGCAGCAACAGCAGTGACAGCAGCGACAGCACATCTGACAGCAATGATGAGAGTGACAGCCAGAGCAAGTCTGGTAACGGTAACAACAATGGAAGTGACAGTGACAGTGACAGTGAAGGCAGTGACAGTAACCACTCAACCAGTGATGATTAGAACAAAAGAAAAACCCGTAAG,chr4,1024_0,87616421,gnomAD
80,TGTC,T,GGACGAGATAGAGTTGGGTGGGGAAAACATGCTCTGTGATGACAGGGGGTTGACGTTCATAGAGTTGAAGAAGGGGAAGCTCTTGGTGGATAGGGAGGCGGATGTAAGGCCCTTGGCGGCCCAGTTGTTGTAGGAATAGCCTGGGTACATGTCGTCGTAGGGCTGCATGAGCCCATTGAACTGCGGCCCGAAGCCATTCTTGCATAGCTCGGCCTGCTGGTTGCGCTCCCTCTTTCTCCATTTGGCCCGACGATTCTTGAACCAAACCTGGGGGCGGTTGGGGCAAGGGAGCAAACAGAT,GGACGAGATAGAGTTGGGTGGGGAAAACATGCTCTGTGATGACAGGGGGTTGACGTTCATAGAGTTGAAGAAGGGGAAGCTCTTGGTGGATAGGGAGGCGGATGTAAGGCCCTTGGCGGCCCAGTTGTTGTAGGAATAGCCTGGGTACATGTCGTAGGGCTGCATGAGCCCATTGAACTGCGGCCCGAAGCCATTCTTGCATAGCTCGGCCTGCTGGTTGCGCTCCCTCTTTCTCCATTTGGCCCGACGATTCTTGAACCAAACCTGGGGGCGGTTGGGGCAAGGGAGCAAACAGATGCC,chr4,325_0,110618571,gnomAD
81,TCTC,T,TGAAGGAGCAATAAAATTGCCTACAAAAATTTTTGAAGAACTGAAACATAGAGGAATTAAGACCATCTAAGAGAAGCATTACACACTTATGTACTGTGCTTGTTGACCACCTGATCATTTTTAAAGGAACAGCTTATTCGTCCTCACCTTCTCCTTCAGACTCTCCTGTGCACCCGACAGGACGTTCACAAAGCCTTCCAGGGAGCTCAAGAACTCCTGGCGAATGTTAGCTGCGTCCTGAAGGCCCTCGAGCTCGCCCCAGCCATGGCTCGTGGCTCTGAGAGCAGGAATGAAGATGTC,TGAAGGAGCAATAAAATTGCCTACAAAAATTTTTGAAGAACTGAAACATAGAGGAATTAAGACCATCTAAGAGAAGCATTACACACTTATGTACTGTGCTTGTTGACCACCTGATCATTTTTAAAGGAACAGCTTATTCGTCCTCACCTTCTTCAGACTCTCCTGTGCACCCGACAGGACGTTCACAAAGCCTTCCAGGGAGCTCAAGAACTCCTGGCGAATGTTAGCTGCGTCCTGAAGGCCCTCGAGCTCGCCCCAGCCATGGCTCGTGGCTCTGAGAGCAGGAATGAAGATGTCCGA,chr5,1024_0,13922109,gnomAD
82,AACGGTTATCGGAAGT,A,CAGGCAGCACTTGGTGAATGTTGGAAAGGCATAATACCCACAGTGTGTTCATTTCCCCTAGGAAGTCAACATCTTGGCACACAGCACTCCGTTTAAGGAAAAAATCTGAGAAAAAAGATAAAGACGGCAAAAGGGAAGGCAAGTTAGAGAACGGTTATCGGAAGTCACGGGAAGGACTCAGCAACAAGGTATCTGTGAAGGTGTGTTCGGGGGTCTTCAGGAGTCCGTGTCATCCCAGCATGAGAGAAAGGATCAGGGAGGGCAGAGACTCTGCAGACCTGAAGCTGGGCTTGCTTATGA,CAGGCAGCACTTGGTGAATGTTGGAAAGGCATAATACCCACAGTGTGTTCATTTCCCCTAGGAAGTCAACATCTTGGCACACAGCACTCCGTTTAAGGAAAAAATCTGAGAAAAAAGATAAAGACGGCAAAAGGGAAGGCAAGTTAGAGACACGGGAAGGACTCAGCAACAAGGTATCTGTGAAGGTGTGTTCGGGGGTCTTCAGGAGTCCGTGTCATCCCAGCATGAGAGAAAGGATCAGGGAGGGCAGAGACTCTGCAGACCTGAAGCTGGGCTTGCTTATGACCTCCCTCCCACCCA,chr5,1024_0,14496967,gnomAD
83,CTCT,C,AAAACAAAACAAAAAAAAGGGAACAAAATACGATGGGAGAGGGAAGAGATGATGCCGAAGTGTCATCCTGACTGACTGTCCCTGCAGTGCCCATGGCGTCCCGTGCCTTATTCATTCTCCTCTCTCATTTCCACGATGTCTGTCACCTCCTCTGTCGGAGGCATGTCTGTCATGGCAGAGTCTTCCCCCTCCGTGGCCGACTCATTCTCCATCTTCTTTTTCTAGACCAAAGAAGACTCATCAGTGTGGGGCTGTGGATGGGGACACTGCACAGCAGAACCACGAGCAGGGAGACAACAC,AAAACAAAACAAAAAAAAGGGAACAAAATACGATGGGAGAGGGAAGAGATGATGCCGAAGTGTCATCCTGACTGACTGTCCCTGCAGTGCCCATGGCGTCCCGTGCCTTATTCATTCTCCTCTCTCATTTCCACGATGTCTGTCACCTCCGTCGGAGGCATGTCTGTCATGGCAGAGTCTTCCCCCTCCGTGGCCGACTCATTCTCCATCTTCTTTTTCTAGACCAAAGAAGACTCATCAGTGTGGGGCTGTGGATGGGGACACTGCACAGCAGAACCACGAGCAGGGAGACAACACCGG,chr5,493_0,14711239,gnomAD
84,GAGA,G,AAATGAGATTATCTTGATACTCCATACAAATTTTTTTTCTTCATTAAAGGTTAAACAGTAGTGATATGGATGGAGAACCTATGTATATTCAGATGGTTACAGCACTGGTTTTACAACTTATTCAGTGTGTGGTACACTTACCATCATCAGAGAAGGACTCTAATGCAGAAGAAGATTCAAATAAAAAAGTAAGGAATCTATTAAAGGTTTTACAACTGTACTTTTATTGAAGGAAATACCTATATTCTCTGTCATTCTTATAAAACTGAAGTTCTTTTTTTTTCTTTCTTTTTTTTGAGA,AAATGAGATTATCTTGATACTCCATACAAATTTTTTTTCTTCATTAAAGGTTAAACAGTAGTGATATGGATGGAGAACCTATGTATATTCAGATGGTTACAGCACTGGTTTTACAACTTATTCAGTGTGTGGTACACTTACCATCATCAGAGGACTCTAATGCAGAAGAAGATTCAAATAAAAAAGTAAGGAATCTATTAAAGGTTTTACAACTGTACTTTTATTGAAGGAAATACCTATATTCTCTGTCATTCTTATAAAACTGAAGTTCTTTTTTTTTCTTTCTTTTTTTTGAGACGG,chr5,1024_0,37010187,gnomAD
85,ATTGGTGGTG,A,ATGTGAATTACTCTGAGAGAGAAATTCTTTAAAATAGTTCAGAATATTTTTGTTGGCCTTACACCATTTAATCATGTCTTGTTTTAGATTTTAATATCACTATTTTTTAATCATTTATTTTTACTTTCCTTTTTGTAGGATCCATTGGTATTGGTGGTGTTGATTATGTCTTAAATTGTATTCTTGGAAACCAAACTGAATCAAACAATTGGCAAGAACTTCTTGGCCGCCTTTGTCTTATAGATAGACTGTTGTTGGAATTTCCTGCTGAATTTTATCCTCATATTGTCAGTACTGATG,ATGTGAATTACTCTGAGAGAGAAATTCTTTAAAATAGTTCAGAATATTTTTGTTGGCCTTACACCATTTAATCATGTCTTGTTTTAGATTTTAATATCACTATTTTTTAATCATTTATTTTTACTTTCCTTTTTGTAGGATCCATTGGTATTGATTATGTCTTAAATTGTATTCTTGGAAACCAAACTGAATCAAACAATTGGCAAGAACTTCTTGGCCGCCTTTGTCTTATAGATAGACTGTTGTTGGAATTTCCTGCTGAATTTTATCCTCATATTGTCAGTACTGATGTTTCACAAG,chr5,1024_0,56881094,gnomAD
86,TGGCGGCGGCGGCGCG,T,CGCGTGGAGGAGCGCTTTGAGCGCATCCCGGAGCCGGTGCAGCGCCGCATAGTCTATTGGTCCTTCCCCCGCAGCGAGCGGGAGATCTGCATGTACTCGTCCTTCAACACCGGCGGCGGCGCCGCGGGCGGCCCCGGCGACGACAGCGGTGGCGGCGGCGGCGCGGGCGGCGGCGGCGGCGGCGGCTCCTCGTCTTCCCCGGCCGCAACCTCGGCGGCCGCAACCTCGGCCGCCGCCGCCGCTGCCGCCGCCGCCGCCGCCGCCGCCGCCGCCGCGGGGGCCGGGGCCCCGTCGGTGGGG,CGCGTGGAGGAGCGCTTTGAGCGCATCCCGGAGCCGGTGCAGCGCCGCATAGTCTATTGGTCCTTCCCCCGCAGCGAGCGGGAGATCTGCATGTACTCGTCCTTCAACACCGGCGGCGGCGCCGCGGGCGGCCCCGGCGACGACAGCGGTGGCGGCGGCGGCGGCGGCGGCTCCTCGTCTTCCCCGGCCGCAACCTCGGCGGCCGCAACCTCGGCCGCCGCCGCCGCTGCCGCCGCCGCCGCCGCCGCCGCCGCCGCCGCGGGGGCCGGGGCCCCGTCGGTGGGGGCTGCCGGGGCGGCG,chr5,1024_0,61332698,gnomAD
87,G,GGGC,TTTGAGCGCATCCCGGAGCCGGTGCAGCGCCGCATAGTCTATTGGTCCTTCCCCCGCAGCGAGCGGGAGATCTGCATGTACTCGTCCTTCAACACCGGCGGCGGCGCCGCGGGCGGCCCCGGCGACGACAGCGGTGGCGGCGGCGGCGCGGGCGGCGGCGGCGGCGGCGGCTCCTCGTCTTCCCCGGCCGCAACCTCGGCGGCCGCAACCTCGGCCGCCGCCGCCGCTGCCGCCGCCGCCGCCGCCGCCGCCGCCGCCGCGGGGGCCGGGGCCCCGTCGGTGGGGGCTGCCGGGGCGGCG,TTTGAGCGCATCCCGGAGCCGGTGCAGCGCCGCATAGTCTATTGGTCCTTCCCCCGCAGCGAGCGGGAGATCTGCATGTACTCGTCCTTCAACACCGGCGGCGGCGCCGCGGGCGGCCCCGGCGACGACAGCGGTGGCGGCGGCGGCGCGGGCGGCGGCGGCGGCGGCGGCGGCTCCTCGTCTTCCCCGGCCGCAACCTCGGCGGCCGCAACCTCGGCCGCCGCCGCCGCTGCCGCCGCCGCCGCCGCCGCCGCCGCCGCCGCGGGGGCCGGGGCCCCGTCGGTGGGGGCTGCCGGGGCG,chr5,1024_0,61332713,gnomAD
88,TGCCGCCGCC,T,TACTCGTCCTTCAACACCGGCGGCGGCGCCGCGGGCGGCCCCGGCGACGACAGCGGTGGCGGCGGCGGCGCGGGCGGCGGCGGCGGCGGCGGCTCCTCGTCTTCCCCGGCCGCAACCTCGGCGGCCGCAACCTCGGCCGCCGCCGCCGCTGCCGCCGCCGCCGCCGCCGCCGCCGCCGCCGCGGGGGCCGGGGCCCCGTCGGTGGGGGCTGCCGGGGCGGCGGACGGCGGCGACGAGACGCGGCTGCCTTTCCGCCGGGGCATCGCGCTGTTGGAAAGCGGCTGCGTAGACAACGTCCTG,TACTCGTCCTTCAACACCGGCGGCGGCGCCGCGGGCGGCCCCGGCGACGACAGCGGTGGCGGCGGCGGCGCGGGCGGCGGCGGCGGCGGCGGCTCCTCGTCTTCCCCGGCCGCAACCTCGGCGGCCGCAACCTCGGCCGCCGCCGCCGCTGCCGCCGCCGCCGCCGCCGCCGCGGGGGCCGGGGCCCCGTCGGTGGGGGCTGCCGGGGCGGCGGACGGCGGCGACGAGACGCGGCTGCCTTTCCGCCGGGGCATCGCGCTGTTGGAAAGCGGCTGCGTAGACAACGTCCTGCAAGTCGGT,chr5,1024_0,61332791,gnomAD
89,C,CGCGGCG,CGCCCCGCGGCCCTCGGCGAGCAGCTCGGCTCCCCCCAGCGCTCCCCGGGCCCAAAGATATGGCAATGGTAGTTAGCAGCTGGCGAGATCCGCAGGACGACGTGGCCGGGGGCAACCCCGGCGGCCCCAACCCCGCAGCGCAGGCGGCCCGCGGCGGCGGCGGCGGCGCCGGCGAGCAGCAGCAGCAGGCGGGCTCGGGCGCGCCGCACACGCCGCAGACCCCGGGCCAGCCCGGAGCGCCCGCCACCCCCGGCACGGCGGGGGACAAGGGCCAGGGCCCGCCCGGTTCGGGCCAGAGCC,CGCCCCGCGGCCCTCGGCGAGCAGCTCGGCTCCCCCCAGCGCTCCCCGGGCCCAAAGATATGGCAATGGTAGTTAGCAGCTGGCGAGATCCGCAGGACGACGTGGCCGGGGGCAACCCCGGCGGCCCCAACCCCGCAGCGCAGGCGGCCCGCGGCGGCGGCGGCGGCGGCGGCGCCGGCGAGCAGCAGCAGCAGGCGGGCTCGGGCGCGCCGCACACGCCGCAGACCCCGGGCCAGCCCGGAGCGCCCGCCACCCCCGGCACGGCGGGGGACAAGGGCCAGGGCCCGCCCGGTTCGGGCC,chr5,427_0,93585114,gnomAD
90,TCCA,T,TGACTTCTTGCTGCTTGAGTTTTATAATGTCTAATAAATTGTATTTTAGCTGTGGAGGAAGATGCAGAGTCAGAAGATGAAGAGGAGGAGGATGTGAAACTCTTAAGTATATCTGGAAAGCGGTCTGCCCCTGGAGGTGGTAGCAAGGTTCCACAGGTAGAGATGGCAATTTTATTATAGGTTTTGTATTATAGCTTTTAGTTTGGTGATAGAACAGCTCTTGTTCATGAGTACGTATCTTTTCTTTTAAAAGAAAAAAGTAAAACTTGCTGCTGATGAAGATGATGACGATGATGATGA,TGACTTCTTGCTGCTTGAGTTTTATAATGTCTAATAAATTGTATTTTAGCTGTGGAGGAAGATGCAGAGTCAGAAGATGAAGAGGAGGAGGATGTGAAACTCTTAAGTATATCTGGAAAGCGGTCTGCCCCTGGAGGTGGTAGCAAGGTTCAGGTAGAGATGGCAATTTTATTATAGGTTTTGTATTATAGCTTTTAGTTTGGTGATAGAACAGCTCTTGTTCATGAGTACGTATCTTTTCTTTTAAAAGAAAAAAGTAAAACTTGCTGCTGATGAAGATGATGACGATGATGATGAAGA,chr5,295_0,171392810,gnomAD
91,GCGCCGCCGCCGCCCGCGCCCTCCGCCC,G,CCCCGGCCGCCGCCCTGGGCAGCGGCAGCGCCGCCGCGGTGCCCAAGATCGAGAGCCCCGACAGCAGCAGCAGCAGCCTGTCCAGCGGGAGCAGCCCCCCGGGCAGCCTGCCGTCGGCGCGGCCGCTCAGCCTGGACGGTGCGGATTCCGCGCCGCCGCCGCCCGCGCCCTCCGCCCCGCCGCCGCACCATAGCCAGGGCTTCAGCGTGGACAACATCATGACGTCGCTGCGGGGGTCGCCGCAGAGCGCGGCCGCGGAGCTCAGCTCCGGCCTTCTGGCCTCGGCGGCCGCGTCCTCGC,CCCCGGCCGCCGCCCTGGGCAGCGGCAGCGCCGCCGCGGTGCCCAAGATCGAGAGCCCCGACAGCAGCAGCAGCAGCCTGTCCAGCGGGAGCAGCCCCCCGGGCAGCCTGCCGTCGGCGCGGCCGCTCAGCCTGGACGGTGCGGATTCCGCGCCGCCGCACCATAGCCAGGGCTTCAGCGTGGACAACATCATGACGTCGCTGCGGGGGTCGCCGCAGAGCGCGGCCGCGGAGCTCAGCTCCGGCCTTCTGGCCTCGGCGGCCGCGTCCTCGCGCGCGGGGATCGCACCCCCGCTGGCGC,chr6,546_0,1611316,gnomAD
92,GGGCGGC,G,GCCGCGGAGCTCAGCTCCGGCCTTCTGGCCTCGGCGGCCGCGTCCTCGCGCGCGGGGATCGCACCCCCGCTGGCGCTCGGCGCCTACTCGCCCGGCCAGAGCTCCCTCTACAGCTCCCCCTGCAGCCAGACCTCCAGCGCGGGCAGCTCGGGCGGCGGCGGCGGCGGCGCGGGGGCCGCGGGGGGCGCGGGCGGCGCCGGGACCTACCACTGCAACCTGCAAGCCATGAGCCTGTACGCGGCCGGCGAGCGCGGGGGCCACTTGCAGGGCGCGCCCGGGGGCGCGGGCGGCTCGGCCGTG,GCCGCGGAGCTCAGCTCCGGCCTTCTGGCCTCGGCGGCCGCGTCCTCGCGCGCGGGGATCGCACCCCCGCTGGCGCTCGGCGCCTACTCGCCCGGCCAGAGCTCCCTCTACAGCTCCCCCTGCAGCCAGACCTCCAGCGCGGGCAGCTCGGGCGGCGGCGGCGCGGGGGCCGCGGGGGGCGCGGGCGGCGCCGGGACCTACCACTGCAACCTGCAAGCCATGAGCCTGTACGCGGCCGGCGAGCGCGGGGGCCACTTGCAGGGCGCGCCCGGGGGCGCGGGCGGCTCGGCCGTGGACGAC,chr6,553_0,1611567,gnomAD
93,G,GATT,AGCAGTTGGCATTTGAAATGAATATGCAAGAAGCATGCCTTTGTCACGTGCATGTTCCTGGGACGTTTCATCTCCCACATCATGGAAAGCAAGGATTCCTGGGCACACACATCCCGCTACTCACCAGCAGCCTCATTGTAGTACACGTTGATTCTCTCCAGCTGCAAGTCACTGTCTCCATGGTAACTGCCTGTGGGGTCGATCCCATGCTCATCGCTGATGACCTCCCAAAACTGAAATGAAAAAAGAACCACACCATGGCTCTGCATCCTGAATGTCACTAAGGATGGCCTTGTCCTC,AGCAGTTGGCATTTGAAATGAATATGCAAGAAGCATGCCTTTGTCACGTGCATGTTCCTGGGACGTTTCATCTCCCACATCATGGAAAGCAAGGATTCCTGGGCACACACATCCCGCTACTCACCAGCAGCCTCATTGTAGTACACGTTGATTATTCTCTCCAGCTGCAAGTCACTGTCTCCATGGTAACTGCCTGTGGGGTCGATCCCATGCTCATCGCTGATGACCTCCCAAAACTGAAATGAAAAAAGAACCACACCATGGCTCTGCATCCTGAATGTCACTAAGGATGGCCTTGTC,chr6,448_0,3156069,gnomAD
94,A,AGGGGGTGGGGGGGGGGGG,AAAAAGCGCAAGAAGGACAAGGCAGGCTATGTCGGCCTGGTGACTGTGCCAGTGGCCACCCTGGCTGGGCGCCACTTCACAGAGCAGTGGTACCCTGTAACCCTGCCAACAGGCAGTGGGGGATCTGGGGGCATGGGTTCGGGAGGGGGAGGGGGCTCGGGGGGTGGCTCAGGGGGCAAGGGCAAAGGAGGTTGCCCGGCTGTGCGGCTGAAAGCACGTTACCAGACAATGAGCATCTTGCCCATGGAGCTATATAAAGAGTTTGCAGAGTATGTCACCAACCATTATCGGATGCTGTGT,AAAAAGCGCAAGAAGGACAAGGCAGGCTATGTCGGCCTGGTGACTGTGCCAGTGGCCACCCTGGCTGGGCGCCACTTCACAGAGCAGTGGTACCCTGTAACCCTGCCAACAGGCAGTGGGGGATCTGGGGGCATGGGTTCGGGAGGGGGAGGGGGTGGGGGGGGGGGGGGGGGCTCGGGGGGTGGCTCAGGGGGCAAGGGCAAAGGAGGTTGCCCGGCTGTGCGGCTGAAAGCACGTTACCAGACAATGAGCATCTTGCCCATGGAGCTATATAAAGAGTTTGCAGAGTATGTCACCAAC,chr6,1024_0,33438051,gnomAD
95,GGGC,G,CAGGCCGACCCCCCGGGCCCGCCGCTGCTGAGCAAGCCGGGCGACGAGGACGACGCGCCGCCCAAGATGGGGGAGCCGGCGGGCGGCCGCTACGAGCACCCGGGCTTGGGCGCCCTGGGCACGCAGCAGCCGCCGGTCGCCGTGCCCGGGGGCGGCGGCGGCCCGGCGGCCGTCCCGGAGTTTAATAATTACTATGGCAGCGCTGCCCCTGCGAGCGGCGGCCCCGGCGGCCGCGCTGGGCCTTGCTTTGATCAACATGGCGGACAACAAAGCCCCGGGATGGGGATGATGCACTCCGCC,CAGGCCGACCCCCCGGGCCCGCCGCTGCTGAGCAAGCCGGGCGACGAGGACGACGCGCCGCCCAAGATGGGGGAGCCGGCGGGCGGCCGCTACGAGCACCCGGGCTTGGGCGCCCTGGGCACGCAGCAGCCGCCGGTCGCCGTGCCCGGGGGCGGCGGCCCGGCGGCCGTCCCGGAGTTTAATAATTACTATGGCAGCGCTGCCCCTGCGAGCGGCGGCCCCGGCGGCCGCGCTGGGCCTTGCTTTGATCAACATGGCGGACAACAAAGCCCCGGGATGGGGATGATGCACTCCGCCTCC,chr6,1024_0,156778586,gnomAD
96,GGGCGGCGGCGGCGGC,G,GGACAACAAAGCCCCGGGATGGGGATGATGCACTCCGCCTCCGCCGCCGCCGCCGGGGCCCCCGGCAGCATGGACCCCCTGCAGAACTCCCACGAAGGGTACCCCAACAGCCAGTGCAACCATTATCCGGGCTACAGCCGGCCCGGCGCGGGCGGCGGCGGCGGCGGCGGCGGCGGAGGAGGAGGAGGCAGCGGAGGAGGAGGAGGAGGAGGAGGAGCAGGAGCAGGAGGAGCAGGAGCGGGAGCTGTGGCGGCGGCGGCCGCGGCGGCGGCGGCAGCAGCAGGAGGCGGCGGCGGCGGC,GGACAACAAAGCCCCGGGATGGGGATGATGCACTCCGCCTCCGCCGCCGCCGCCGGGGCCCCCGGCAGCATGGACCCCCTGCAGAACTCCCACGAAGGGTACCCCAACAGCCAGTGCAACCATTATCCGGGCTACAGCCGGCCCGGCGCGGGCGGCGGCGGAGGAGGAGGAGGCAGCGGAGGAGGAGGAGGAGGAGGAGGAGCAGGAGCAGGAGGAGCAGGAGCGGGAGCTGTGGCGGCGGCGGCCGCGGCGGCGGCGGCAGCAGCAGGAGGCGGCGGCGGCGGCGGCTATGGGGGCTCG,chr6,1024_0,156778847,gnomAD
97,C,CGGCGGCGGAGGAGGAGGA,ATGGGGATGATGCACTCCGCCTCCGCCGCCGCCGCCGGGGCCCCCGGCAGCATGGACCCCCTGCAGAACTCCCACGAAGGGTACCCCAACAGCCAGTGCAACCATTATCCGGGCTACAGCCGGCCCGGCGCGGGCGGCGGCGGCGGCGGCGGCGGCGGAGGAGGAGGAGGCAGCGGAGGAGGAGGAGGAGGAGGAGGAGCAGGAGCAGGAGGAGCAGGAGCGGGAGCTGTGGCGGCGGCGGCCGCGGCGGCGGCGGCAGCAGCAGGAGGCGGCGGCGGCGGCGGCTATGGGGGCTCGTCC,ATGGGGATGATGCACTCCGCCTCCGCCGCCGCCGCCGGGGCCCCCGGCAGCATGGACCCCCTGCAGAACTCCCACGAAGGGTACCCCAACAGCCAGTGCAACCATTATCCGGGCTACAGCCGGCCCGGCGCGGGCGGCGGCGGCGGCGGCGGCGGCGGAGGAGGAGGAGGCGGCGGAGGAGGAGGAGGCAGCGGAGGAGGAGGAGGAGGAGGAGGAGCAGGAGCAGGAGGAGCAGGAGCGGGAGCTGTGGCGGCGGCGGCCGCGGCGGCGGCGGCAGCAGCAGGAGGCGGCGGCGGCGGC,chr6,1024_0,156778865,gnomAD
98,A,AGGAGGAGGAGGCAGC,ATGCACTCCGCCTCCGCCGCCGCCGCCGGGGCCCCCGGCAGCATGGACCCCCTGCAGAACTCCCACGAAGGGTACCCCAACAGCCAGTGCAACCATTATCCGGGCTACAGCCGGCCCGGCGCGGGCGGCGGCGGCGGCGGCGGCGGCGGAGGAGGAGGAGGCAGCGGAGGAGGAGGAGGAGGAGGAGGAGCAGGAGCAGGAGGAGCAGGAGCGGGAGCTGTGGCGGCGGCGGCCGCGGCGGCGGCGGCAGCAGCAGGAGGCGGCGGCGGCGGCGGCTATGGGGGCTCGTCCGCGGGGTAC,ATGCACTCCGCCTCCGCCGCCGCCGCCGGGGCCCCCGGCAGCATGGACCCCCTGCAGAACTCCCACGAAGGGTACCCCAACAGCCAGTGCAACCATTATCCGGGCTACAGCCGGCCCGGCGCGGGCGGCGGCGGCGGCGGCGGCGGCGGAGGAGGAGGAGGCAGCGGAGGAGGAGGCAGCGGAGGAGGAGGAGGAGGAGGAGGAGCAGGAGCAGGAGGAGCAGGAGCGGGAGCTGTGGCGGCGGCGGCCGCGGCGGCGGCGGCAGCAGCAGGAGGCGGCGGCGGCGGCGGCTATGGGGGC,chr6,1024_0,156778874,gnomAD
99,A,AGGAGGAGCAGGAGCG,CCCCTGCAGAACTCCCACGAAGGGTACCCCAACAGCCAGTGCAACCATTATCCGGGCTACAGCCGGCCCGGCGCGGGCGGCGGCGGCGGCGGCGGCGGCGGAGGAGGAGGAGGCAGCGGAGGAGGAGGAGGAGGAGGAGGAGCAGGAGCAGGAGGAGCAGGAGCGGGAGCTGTGGCGGCGGCGGCCGCGGCGGCGGCGGCAGCAGCAGGAGGCGGCGGCGGCGGCGGCTATGGGGGCTCGTCCGCGGGGTACGGGGTGCTGAGCTCCCCCCGGCAGCAGGGCGGCGGCATGATGATGGGC,CCCCTGCAGAACTCCCACGAAGGGTACCCCAACAGCCAGTGCAACCATTATCCGGGCTACAGCCGGCCCGGCGCGGGCGGCGGCGGCGGCGGCGGCGGCGGAGGAGGAGGAGGCAGCGGAGGAGGAGGAGGAGGAGGAGGAGCAGGAGCAGGAGGAGCAGGAGCGGGAGGAGCAGGAGCGGGAGCTGTGGCGGCGGCGGCCGCGGCGGCGGCGGCAGCAGCAGGAGGCGGCGGCGGCGGCGGCTATGGGGGCTCGTCCGCGGGGTACGGGGTGCTGAGCTCCCCCCGGCAGCAGGGCGGC,chr6,1024_0,156778922,gnomAD
100,AGGCGGC,A,AGCCGGCCCGGCGCGGGCGGCGGCGGCGGCGGCGGCGGCGGAGGAGGAGGAGGCAGCGGAGGAGGAGGAGGAGGAGGAGGAGCAGGAGCAGGAGGAGCAGGAGCGGGAGCTGTGGCGGCGGCGGCCGCGGCGGCGGCGGCAGCAGCAGGAGGCGGCGGCGGCGGCGGCTATGGGGGCTCGTCCGCGGGGTACGGGGTGCTGAGCTCCCCCCGGCAGCAGGGCGGCGGCATGATGATGGGCCCCGGGGGCGGCGGGGCCGCGAGCCTCAGCAAGGCGGCCGCCGGCTCGGCGGCGGGGGGC,AGCCGGCCCGGCGCGGGCGGCGGCGGCGGCGGCGGCGGCGGAGGAGGAGGAGGCAGCGGAGGAGGAGGAGGAGGAGGAGGAGCAGGAGCAGGAGGAGCAGGAGCGGGAGCTGTGGCGGCGGCGGCCGCGGCGGCGGCGGCAGCAGCAGGAGGCGGCGGCGGCTATGGGGGCTCGTCCGCGGGGTACGGGGTGCTGAGCTCCCCCCGGCAGCAGGGCGGCGGCATGATGATGGGCCCCGGGGGCGGCGGGGCCGCGAGCCTCAGCAAGGCGGCCGCCGGCTCGGCGGCGGGGGGCTTCCAG,chr6,1024_0,156778982,gnomAD
101,G,GGGCCCGCCT,TGGCGTTGGGGTGCGGGCCCATGCGGGCGCACGGGTAGTAGCCGCTGCCGAAGTAGCCATAGGGCAGCGCCGCGGGCCCCGACGAGCTCTGCGCCGCTGCCGAGCAGGGGCTGCATTGCTTGGCGGCCTCTGCGCCCGCCGGGCCCGCCGGGCCGGGACCTCCCGAGGACGACGCGGCGGCGGCGGCGGCGGCTGCAGCGGCAGCCGCGGCAGCAGCGGCGGCAGCCGACGGGGGCGCCTCCCCGGGGGCGCTGCTGTAGGCGGACGCGGCTCCTGGCGCCAAGGGCGCCGGGTGCGCCA,TGGCGTTGGGGTGCGGGCCCATGCGGGCGCACGGGTAGTAGCCGCTGCCGAAGTAGCCATAGGGCAGCGCCGCGGGCCCCGACGAGCTCTGCGCCGCTGCCGAGCAGGGGCTGCATTGCTTGGCGGCCTCTGCGCCCGCCGGGCCCGCCGGGCCCGCCTGGCCGGGACCTCCCGAGGACGACGCGGCGGCGGCGGCGGCGGCTGCAGCGGCAGCCGCGGCAGCAGCGGCGGCAGCCGACGGGGGCGCCTCCCCGGGGGCGCTGCTGTAGGCGGACGCGGCTCCTGGCGCCAAGGGCGCCG,chr7,393_0,27199656,gnomAD
102,C,CGCG,CGGGCGCACGGGTAGTAGCCGCTGCCGAAGTAGCCATAGGGCAGCGCCGCGGGCCCCGACGAGCTCTGCGCCGCTGCCGAGCAGGGGCTGCATTGCTTGGCGGCCTCTGCGCCCGCCGGGCCCGCCGGGCCGGGACCTCCCGAGGACGACGCGGCGGCGGCGGCGGCGGCTGCAGCGGCAGCCGCGGCAGCAGCGGCGGCAGCCGACGGGGGCGCCTCCCCGGGGGCGCTGCTGTAGGCGGACGCGGCTCCTGGCGCCAAGGGCGCCGGGTGCGCCATCAGGTTGCGGCACTGGTTGGCC,CGGGCGCACGGGTAGTAGCCGCTGCCGAAGTAGCCATAGGGCAGCGCCGCGGGCCCCGACGAGCTCTGCGCCGCTGCCGAGCAGGGGCTGCATTGCTTGGCGGCCTCTGCGCCCGCCGGGCCCGCCGGGCCGGGACCTCCCGAGGACGACGCGGCGGCGGCGGCGGCGGCGGCTGCAGCGGCAGCCGCGGCAGCAGCGGCGGCAGCCGACGGGGGCGCCTCCCCGGGGGCGCTGCTGTAGGCGGACGCGGCTCCTGGCGCCAAGGGCGCCGGGTGCGCCATCAGGTTGCGGCACTGGTTG,chr7,391_0,27199679,gnomAD
103,GGCGGCGGCGGCGGCTGCAGCGGCAGCCGCGGCAGCA,G,CACGGGTAGTAGCCGCTGCCGAAGTAGCCATAGGGCAGCGCCGCGGGCCCCGACGAGCTCTGCGCCGCTGCCGAGCAGGGGCTGCATTGCTTGGCGGCCTCTGCGCCCGCCGGGCCCGCCGGGCCGGGACCTCCCGAGGACGACGCGGCGGCGGCGGCGGCGGCTGCAGCGGCAGCCGCGGCAGCAGCGGCGGCAGCCGACGGGGGCGCCTCCCCGGGGGCGCTGCTGTAGGCGGACGCGGCTCCTGGCGCCAAGGGCGCCGGGTGCGCCATCAGGTTGCGGCACTGGTTGGCCGCGGCC,CACGGGTAGTAGCCGCTGCCGAAGTAGCCATAGGGCAGCGCCGCGGGCCCCGACGAGCTCTGCGCCGCTGCCGAGCAGGGGCTGCATTGCTTGGCGGCCTCTGCGCCCGCCGGGCCCGCCGGGCCGGGACCTCCCGAGGACGACGCGGCGGCGGCGGCAGCCGACGGGGGCGCCTCCCCGGGGGCGCTGCTGTAGGCGGACGCGGCTCCTGGCGCCAAGGGCGCCGGGTGCGCCATCAGGTTGCGGCACTGGTTGGCCGCGGCCGCCGCCGCAGCCGCGGCCGCCGCCGCCACCGAGAAG,chr7,378_0,27199685,gnomAD
104,TGCAGCGGCAGCCGCGGCA,T,CTGCCGAAGTAGCCATAGGGCAGCGCCGCGGGCCCCGACGAGCTCTGCGCCGCTGCCGAGCAGGGGCTGCATTGCTTGGCGGCCTCTGCGCCCGCCGGGCCCGCCGGGCCGGGACCTCCCGAGGACGACGCGGCGGCGGCGGCGGCGGCTGCAGCGGCAGCCGCGGCAGCAGCGGCGGCAGCCGACGGGGGCGCCTCCCCGGGGGCGCTGCTGTAGGCGGACGCGGCTCCTGGCGCCAAGGGCGCCGGGTGCGCCATCAGGTTGCGGCACTGGTTGGCCGCGGCCGCCGCCGCAGCCGCG,CTGCCGAAGTAGCCATAGGGCAGCGCCGCGGGCCCCGACGAGCTCTGCGCCGCTGCCGAGCAGGGGCTGCATTGCTTGGCGGCCTCTGCGCCCGCCGGGCCCGCCGGGCCGGGACCTCCCGAGGACGACGCGGCGGCGGCGGCGGCGGCTGCAGCGGCGGCAGCCGACGGGGGCGCCTCCCCGGGGGCGCTGCTGTAGGCGGACGCGGCTCCTGGCGCCAAGGGCGCCGGGTGCGCCATCAGGTTGCGGCACTGGTTGGCCGCGGCCGCCGCCGCAGCCGCGGCCGCCGCCGCCACCGAG,chr7,384_0,27199700,gnomAD
105,CCCG,C,GGTCCTTGGAGGGCTCGGGGCTCTCGGTGGAGTAGGCATCCCAGGCGGTGTGGTGGGTGAGTTGAAACCCCAGGAGGGGCAGGGTGGGGAGGGAATCTAACCAGTACAGAGTGCCTCCCTGAACTCGGTCTGTGTTCCCAGGAGCCGGACCCGCCGCCGCCGCTGCCGCAGCCAAAGCTGCTGCCAAAGCCGCCCAGTTTGGTGAGCACTGGGTGGAGGTGGGAGCTGCCGCCAGGCCCCCAGGCCCCCAGGGTGTGGGAGGAGCTTCTGACCAGGCACTGTAGACTCAGAGTCCCTGCC,GGTCCTTGGAGGGCTCGGGGCTCTCGGTGGAGTAGGCATCCCAGGCGGTGTGGTGGGTGAGTTGAAACCCCAGGAGGGGCAGGGTGGGGAGGGAATCTAACCAGTACAGAGTGCCTCCCTGAACTCGGTCTGTGTTCCCAGGAGCCGGACCCGCCGCCGCTGCCGCAGCCAAAGCTGCTGCCAAAGCCGCCCAGTTTGGTGAGCACTGGGTGGAGGTGGGAGCTGCCGCCAGGCCCCCAGGCCCCCAGGGTGTGGGAGGAGCTTCTGACCAGGCACTGTAGACTCAGAGTCCCTGCCCCA,chr7,678_0,74063318,gnomAD
106,GAGT,G,TTTGTAGCTATTTGAGTGTACCGTATTCTAATAGACATGATAACGTAGAAAGGATTTTTGGTAATGCCAGAGAGCTAATTTAAGCTTTTGTGCTATTTGACTAAAACTGACTCTTCTGTATTTCTTTCCAGCATACAAGACAGTATCTGGAGTCAATGGTCCACTAGTGATCTTAGATCATGTTAAGGTAATACCACTATCTGTTTTGGTCTATTTATGTAGTTAAAAATGTGGCATTAAGTCCTATTTAGTATACTTTAAATTTTTGTTATGATTTTTAAGCCATACTTTAGACTGGGT,TTTGTAGCTATTTGAGTGTACCGTATTCTAATAGACATGATAACGTAGAAAGGATTTTTGGTAATGCCAGAGAGCTAATTTAAGCTTTTGTGCTATTTGACTAAAACTGACTCTTCTGTATTTCTTTCCAGCATACAAGACAGTATCTGGCAATGGTCCACTAGTGATCTTAGATCATGTTAAGGTAATACCACTATCTGTTTTGGTCTATTTATGTAGTTAAAAATGTGGCATTAAGTCCTATTTAGTATACTTTAAATTTTTGTTATGATTTTTAAGCCATACTTTAGACTGGGTGTC,chr8,512_0,20204502,gnomAD
107,T,TGAAGGCCTC,ATAGGCTTTGAGGGCAAACACCTCAGTGAAGTGAAGCACAGGCAAGCTCCTGAGCTGTGGTTTGGAGGAGCCGTGTGTTGGAAGAAGATGGCAGATCCAGGAATGATGAGTCTTTTTGGCGAGGATGGGAATATTTTCAGTGAAGGTCTTGAAGGCCTCGGAGAATGTGGTTACCCGGAAAATCCAGTAAATCCTATGGGTCAGCAAATGCCAATAGACCAAGGCTTTGCCTCTTTACAGCCATCCCTTCATCATCCTTCAACTAATCAAAATCAAACAAAGCTGACACATTTTGATCAC,ATAGGCTTTGAGGGCAAACACCTCAGTGAAGTGAAGCACAGGCAAGCTCCTGAGCTGTGGTTTGGAGGAGCCGTGTGTTGGAAGAAGATGGCAGATCCAGGAATGATGAGTCTTTTTGGCGAGGATGGGAATATTTTCAGTGAAGGTCTTGAAGGCCTCGAAGGCCTCGGAGAATGTGGTTACCCGGAAAATCCAGTAAATCCTATGGGTCAGCAAATGCCAATAGACCAAGGCTTTGCCTCTTTACAGCCATCCCTTCATCATCCTTCAACTAATCAAAATCAAACAAAGCTGACACAT,chr8,953_0,60741495,gnomAD
108,CCGCCTCCGCCGCCCCCGT,C,CGCCGCCCTCCAGCAGCAGGGTCCCGTCTTTGTCGGCTCCGGCCCCGAGCGCCAAGGTGACTTGCTCCACGTCGCCGGGCGCCAGCCCCACTTTCCGCTCCTCGTCGCCGGCCGCCGCCGCGTCCCCTCCGGCTGGGTTAGCCGCCCCGCCGCCTCCGCCGCCCCCGTCGCCGCCGCCGCCAGCCGCCCCCGCCGCCCTGCGCGCCTTGAGCCCCATCTGCCTCGCCCCCGCCGGCCGCTTCGCCTTCTCCGCTGCTGCTCTGGGAAGAAGGGGCGCTCGGGGTGCGTGAACGAGGCGGC,CGCCGCCCTCCAGCAGCAGGGTCCCGTCTTTGTCGGCTCCGGCCCCGAGCGCCAAGGTGACTTGCTCCACGTCGCCGGGCGCCAGCCCCACTTTCCGCTCCTCGTCGCCGGCCGCCGCCGCGTCCCCTCCGGCTGGGTTAGCCGCCCCGCCGCCGCCGCCGCCAGCCGCCCCCGCCGCCCTGCGCGCCTTGAGCCCCATCTGCCTCGCCCCCGCCGGCCGCTTCGCCTTCTCCGCTGCTGCTCTGGGAAGAAGGGGCGCTCGGGGTGCGTGAACGAGGCGGCGGCGGCGGCTGCAAGCCC,chr8,868_0,132480465,gnomAD
109,CCCGCTGCCA,C,AGGGTTCCCGAGGTTCCTCCCGCCCCGCCCCCAGCCAGCCCTCTCTGGGCCCAGGGACGCACAGGCAGGCGGGCGGGCGGGCGGGCAGGCGGGCGGGCCTGAGGGAGAGGATGCTTAAGGTCAGTACCTGTGGAGGTTTCCATTTGTCTCCCGCTGCCACCACTGCCGCCGCCGCCGCCGGCTCGGACCCCCCTCCTTGCTGGCCATTGACCTGCTGCAGGCAGGAAGGAGATGTTGTAACGACAGGCACACCACCCCACCGCCCAGGCCTGCTCTCCTCCCGAGCTAAGGGCTGAGCTC,AGGGTTCCCGAGGTTCCTCCCGCCCCGCCCCCAGCCAGCCCTCTCTGGGCCCAGGGACGCACAGGCAGGCGGGCGGGCGGGCGGGCAGGCGGGCGGGCCTGAGGGAGAGGATGCTTAAGGTCAGTACCTGTGGAGGTTTCCATTTGTCTCCCACTGCCGCCGCCGCCGCCGGCTCGGACCCCCCTCCTTGCTGGCCATTGACCTGCTGCAGGCAGGAAGGAGATGTTGTAACGACAGGCACACCACCCCACCGCCCAGGCCTGCTCTCCTCCCGAGCTAAGGGCTGAGCTCCTCACGGAT,chr8,562_0,143824335,gnomAD
110,A,ACAG,AGAGGTCCCTCACCTTTCAGTCCTGTCCAGCTGCATCAGCTTCGAGCTCAGATTTTAGCTTATAAAATGCTGGCCCGAGGCCAGCCCCTCCCCGAAACGCTGCAGCTTGCAGTCCAGGGGAAAAGGACGTTGCCTGGCTTGCAGCAACAACAGCAGCAGCAACAGCAGCAGCAGCAGCAGCAGCAGCAGCAGCAGCAGCAGCAACAGCAGCCGCAGCAGCAGCCGCCGCAACCACAGACGCAGCAACAACAGCAGCCGGCCCTTGTTAACTACAACAGACCATCTGGTAGGTTAATACGC,AGAGGTCCCTCACCTTTCAGTCCTGTCCAGCTGCATCAGCTTCGAGCTCAGATTTTAGCTTATAAAATGCTGGCCCGAGGCCAGCCCCTCCCCGAAACGCTGCAGCTTGCAGTCCAGGGGAAAAGGACGTTGCCTGGCTTGCAGCAACAACAGCAGCAGCAGCAACAGCAGCAGCAGCAGCAGCAGCAGCAGCAGCAGCAGCAGCAACAGCAGCCGCAGCAGCAGCCGCCGCAACCACAGACGCAGCAACAACAGCAGCCGGCCCTTGTTAACTACAACAGACCATCTGGTAGGTTAATA,chr9,1024_0,2039764,gnomAD
111,TGCCCGCGCCCGGCGGCCGGCCCTC,T,AATGGTCCCCAGCACTGGGCCCCGGGGGGCGGCGGGCAGGCCGGGTGTGGCCCGCGGGGCGCCGTCCCGCCCGAGCTGCCCATGTCGCTCTTGTCCCGCAGGCCCGGGGCCGGAGCTGAGCGGCCCGAGCACCCCGCAGAAGCTGCCGGTGCCCGCGCCCGGCGGCCGGCCCTCGCCCGCGCCCCCCGCAGCCGCGCAGCCGCCCGCGGCCGCAGTGCCCGGGCCCTCAGTGCCGCAGCCGGCCCCGGGGCAGCCCTCGCCCGTCCTCCAGCTGCAGCAGAAGCAGAGCCGCATCAGCCC,AATGGTCCCCAGCACTGGGCCCCGGGGGGCGGCGGGCAGGCCGGGTGTGGCCCGCGGGGCGCCGTCCCGCCCGAGCTGCCCATGTCGCTCTTGTCCCGCAGGCCCGGGGCCGGAGCTGAGCGGCCCGAGCACCCCGCAGAAGCTGCCGGTGCCCGCGCCCCCCGCAGCCGCGCAGCCGCCCGCGGCCGCAGTGCCCGGGCCCTCAGTGCCGCAGCCGGCCCCGGGGCAGCCCTCGCCCGTCCTCCAGCTGCAGCAGAAGCAGAGCCGCATCAGCCCCATCCAGAAACCGCAAGGCCTGGA,chr9,1024_0,2047277,gnomAD
112,TCGCCGCCGCCGCCGC,T,CCCCTACAAGTGCCAGGTGTGCCAGAGCGCCTACTCGCAGCTGGCCGGCCTGCGCGCCCACCAGAAGAGCGCGCGGCACCGGCCGCCCAGCACCGCGCTGCAGGCACACTCGCCCGCGCTGCCCGCCCCGCACGCGCACGCGCCCGCGCTCGCCGCCGCCGCCGCCGCCGCCGCCGCCGCCGCCGCGCACCACCTGCCGGCCATGGTGCTGTGAGCGCGCCCGCGCCCCCGCCGGGCCCCGCGCGCTCCTGGGTCCCCGGCACCCCGGCCCCGCAGCGCGACTCGCCCTCCAGCCCCAAC,CCCCTACAAGTGCCAGGTGTGCCAGAGCGCCTACTCGCAGCTGGCCGGCCTGCGCGCCCACCAGAAGAGCGCGCGGCACCGGCCGCCCAGCACCGCGCTGCAGGCACACTCGCCCGCGCTGCCCGCCCCGCACGCGCACGCGCCCGCGCTCGCCGCCGCCGCCGCCGCCGCGCACCACCTGCCGGCCATGGTGCTGTGAGCGCGCCCGCGCCCCCGCCGGGCCCCGCGCGCTCCTGGGTCCCCGGCACCCCGGCCCCGCAGCGCGACTCGCCCTCCAGCCCCAACCCCCGGCCCGGCGCC,chr9,364_0,130681605,gnomAD
113,GTCCTGACAGGTGCCGCCA,G,CAGTGGGACCTGGGGTGACCGTTCCCACCTCCCGCAGGTAGGCACCCACCCAGGGCCCCTCCTTCGGGCACCTCTGTGGCCGGCGCACTCACCTGGCAGTTGGGGCCAGTGTAGCCCTGGGGGCAGGTGCACCTGTAGGAGCCGCAGCCGTCCTGACAGGTGCCGCCATGCAGGCAGGGCTGTGAGTCGCACTCATTGACATCGTGCTGGCAGTAGCTGCCCGTGAAGCCGGGTGGACACAGGCAGGTGAACGAGTTGATGCCGTCCACGCAGGTGCCACCGTTGAAGCAGGAGCTGCAA,CAGTGGGACCTGGGGTGACCGTTCCCACCTCCCGCAGGTAGGCACCCACCCAGGGCCCCTCCTTCGGGCACCTCTGTGGCCGGCGCACTCACCTGGCAGTTGGGGCCAGTGTAGCCCTGGGGGCAGGTGCACCTGTAGGAGCCGCAGCCGTGCAGGCAGGGCTGTGAGTCGCACTCATTGACATCGTGCTGGCAGTAGCTGCCCGTGAAGCCGGGTGGACACAGGCAGGTGAACGAGTTGATGCCGTCCACGCAGGTGCCACCGTTGAAGCAGGAGCTGCAAGGGGGTGGGCAGGCGGGG,chr9,1024_0,136508927,gnomAD
114,G,GCCGCCACAGCGGCCGCGGCCGCCA,CCATGTGCCCGGGCTCCGCCGCCATCACCGCCACTGCCGTGACCCGCGGCGTCTCCCGCTCCGCCTCCGAGTCTGCGTCCTCCTCCGAGTCCTCGTCCCTGCTCAGCACCGGCTCCTCCGCCTCGCCTCCTGCCGCGGCCGCGGCCGCCGCCGCCACAGCGGCCGCGGCCGCCACCGCCGCCGCCTCAGCCAGGCCCAGCTGCTTTGCCGCCGAGTCCGAGTCCTCCATCCGGACTCCGCCGAGCCTTCCCGAAGGCGCCGTCCGGGACCGCCCGAAGCGCCGGTCGCGGAGCCCGAAGC,CCATGTGCCCGGGCTCCGCCGCCATCACCGCCACTGCCGTGACCCGCGGCGTCTCCCGCTCCGCCTCCGAGTCTGCGTCCTCCTCCGAGTCCTCGTCCCTGCTCAGCACCGGCTCCTCCGCCTCGCCTCCTGCCGCGGCCGCGGCCGCCGCCGCCACAGCGGCCGCGGCCGCCACCGCCACAGCGGCCGCGGCCGCCACCGCCGCCGCCTCAGCCAGGCCCAGCTGCTTTGCCGCCGAGTCCGAGTCCTCCATCCGGACTCCGCCGAGCCTTCCCGAAGGCGCCGTCCGGGACCGCCCGA,chr11,575_0,694968,gnomAD
115,G,GGCGGCTGGGGCTGCGGCTGCT,CCCCAGCACCAGGTGACCCGCACGTGCACTCACCGTAGCAGGGAACCTGCAAGGCCGCGCTGTGGCCGCTGCTGCCTTCCTGGAGTTTGAGGCTGCCGTCCGGGGGCGTCTTGCAGGCGCCTCGCTGCAAGTAAAGATGCGGTTGCGCGGGCGGCTGGGGCTGCGGCTGCTGCTGCTGCGGCTGCGGCTGCGGCGGCGGCTGGGGCTGCGGGGTCGACGGCTGGGGCTGGAACTTGTTAAAGGAGCCCCGCGCCCCAGCTCCACTCTCCAGGGGTGTCGCCAGGTCCTGCTGCCCAGCGC,CCCCAGCACCAGGTGACCCGCACGTGCACTCACCGTAGCAGGGAACCTGCAAGGCCGCGCTGTGGCCGCTGCTGCCTTCCTGGAGTTTGAGGCTGCCGTCCGGGGGCGTCTTGCAGGCGCCTCGCTGCAAGTAAAGATGCGGTTGCGCGGGCGGCTGGGGCTGCGGCTGCTGCGGCTGGGGCTGCGGCTGCTGCTGCTGCGGCTGCGGCTGCGGCGGCGGCTGGGGCTGCGGGGTCGACGGCTGGGGCTGGAACTTGTTAAAGGAGCCCCGCGCCCCAGCTCCACTCTCCAGGGGTGTCG,chr11,420_0,44309713,gnomAD
116,T,TTGCTGCTGC,GTCAGGCGAAGACCTCCGGCTTGCCCACCCGGAGGCCCCTGTGGTGGCTGCAGCCCATGGCCAGGGAGCAGCTGACCAGGGAGCTTGGTGAGCAGCCGGGGACTCTGGGAAGGGCTGAGAGCCAGCACAGCTGAGTGCTGTTGCTGTTGTTGCTGCTGCTGCTGCTGTTGTTGCTGCTGCTTGTTCCGATATTCTGCCATGAGATTAGTGTGCTCCTTCTGCTGTTTCCGGACCTAACATGGGAGGGTCGGAGAGGTCAGGCTGGGGCATGCTCCCCCCATGCCAACCCTCTTCCCTGCC,GTCAGGCGAAGACCTCCGGCTTGCCCACCCGGAGGCCCCTGTGGTGGCTGCAGCCCATGGCCAGGGAGCAGCTGACCAGGGAGCTTGGTGAGCAGCCGGGGACTCTGGGAAGGGCTGAGAGCCAGCACAGCTGAGTGCTGTTGCTGTTGTTGCTGCTGCTGCTGCTGCTGCTGCTGTTGTTGCTGCTGCTTGTTCCGATATTCTGCCATGAGATTAGTGTGCTCCTTCTGCTGTTTCCGGACCTAACATGGGAGGGTCGGAGAGGTCAGGCTGGGGCATGCTCCCCCCATGCCAACCCTC,chr12,1024_0,49033881,gnomAD
117,CCCCGTA,C,CAGGGAAATAAGGACTCAGTGAGAAGTTGGGGACAACCATACCTATTGTAGTCAAACCAGGCAGCGTAGCTGGGAATGATGATGTGGTGGGTCTGTTCAGTCACATTGTCCTCATGCAGGTCTGGATTCTTGGTCTGCTCTCCCTTGTTCCCCGTACTGTTCTCATCCTCATCCTACGAGTATGGAGGCTGCTGGACACTCAGCATTCCTGCTTCCTCCCTAGCAACCCTCTGCTTCTCCCACACCCCAGGAATGTGGACACTAAAGATGGGTGATGGGACTGAGCAGTCATGGGCCCCA,CAGGGAAATAAGGACTCAGTGAGAAGTTGGGGACAACCATACCTATTGTAGTCAAACCAGGCAGCGTAGCTGGGAATGATGATGTGGTGGGTCTGTTCAGTCACATTGTCCTCATGCAGGTCTGGATTCTTGGTCTGCTCTCCCTTGTTCCTGTTCTCATCCTCATCCTACGAGTATGGAGGCTGCTGGACACTCAGCATTCCTGCTTCCTCCCTAGCAACCCTCTGCTTCTCCCACACCCCAGGAATGTGGACACTAAAGATGGGTGATGGGACTGAGCAGTCATGGGCCCCAGGACTC,chr12,1024_0,56178511,gnomAD
118,CATT,C,GCCTGGGCACCCCTTTCTCACAGGACTCCAGCTACTCCAGCCGCCAGCCCACACCCTCATACCTCTTCAGCCAGGACCCTGCAGTGACCTTCAAGGCCCGGCGCCACGAGAGCAAGTTCACGGACGCCTACAACCGCCGCCACGAACATCATTATGTACACAATTCTCCCGCGGTCACTGCGGTGGCCGGGGCCACAGCCGCTTTCCGGGGTTCCTCGGACCTCCCGTTCGGAGCAGTCGGCGGCACTGGGGGCAGCAGCGGTCCCCCGTTCAAGGCTCAACCACAGGATTCAGCCACAT,GCCTGGGCACCCCTTTCTCACAGGACTCCAGCTACTCCAGCCGCCAGCCCACACCCTCATACCTCTTCAGCCAGGACCCTGCAGTGACCTTCAAGGCCCGGCGCCACGAGAGCAAGTTCACGGACGCCTACAACCGCCGCCACGAACATCATGTACACAATTCTCCCGCGGTCACTGCGGTGGCCGGGGCCACAGCCGCTTTCCGGGGTTCCTCGGACCTCCCGTTCGGAGCAGTCGGCGGCACTGGGGGCAGCAGCGGTCCCCCGTTCAAGGCTCAACCACAGGATTCAGCCACATTTG,chr12,1024_0,121809927,gnomAD
119,T,TGCGGCG,CATGAGTCCTCCCCGCAGGGCTCTGAATCCTCCCCGGCCGCCAGCTCCGGCTATGAGTCGTCCACGCCCCCGGGGCTGGTGTCCCCCAGCGCCGAGCCCCAGAGCAGCTCCAACCTGTCCCCAGCGGCGGCGGCAGCGGCGGCGGCGGCTGCGGCGGCGGCGGCCGCGGTGTCCGCGGTGCACCGGGGCGGAGGCTCGGGCAGTGGCGGCGCGGGAGGCGGCTCAGGCGGCGGCAGCGGCAGTGGCGGGGGCGGCGGCGGGGCGGGCGGCGGGGGCGGCGGCAGCTCTGGCGGGGGCAGC,CATGAGTCCTCCCCGCAGGGCTCTGAATCCTCCCCGGCCGCCAGCTCCGGCTATGAGTCGTCCACGCCCCCGGGGCTGGTGTCCCCCAGCGCCGAGCCCCAGAGCAGCTCCAACCTGTCCCCAGCGGCGGCGGCAGCGGCGGCGGCGGCTGCGGCGGCGGCGGCGGCGGCCGCGGTGTCCGCGGTGCACCGGGGCGGAGGCTCGGGCAGTGGCGGCGCGGGAGGCGGCTCAGGCGGCGGCAGCGGCAGTGGCGGGGGCGGCGGCGGGGCGGGCGGCGGGGGCGGCGGCAGCTCTGGCGGG,chr13,536_0,99985475,gnomAD
120,CTTG,C,AACACATGACCACCTCTAGAGTACCTCTCCATTAGAAATACTTGTGAGTGTCAAAATGAGCAGCTGCTGCCCATTCTCACCTTAACTGGAGGGGTGGTTCCTGTAGGATGTCTGCGGATCTGGCAGCCATTCTGGCTGGGCCTCTGCGGCTTGTTGTTCAGTTGGGGCTTCTTGACAGTGCCTCCATGATCATTTCTCACAGAATCAACCTTCTCAGCAGTTGTTTTGCTTAAAAGCTGATTAAGACACATGAATGAGATTAATGCTCTTATCAAAGCAAACAAATATCATCTAGGAAAA,AACACATGACCACCTCTAGAGTACCTCTCCATTAGAAATACTTGTGAGTGTCAAAATGAGCAGCTGCTGCCCATTCTCACCTTAACTGGAGGGGTGGTTCCTGTAGGATGTCTGCGGATCTGGCAGCCATTCTGGCTGGGCCTCTGCGGCTTGTTCAGTTGGGGCTTCTTGACAGTGCCTCCATGATCATTTCTCACAGAATCAACCTTCTCAGCAGTTGTTTTGCTTAAAAGCTGATTAAGACACATGAATGAGATTAATGCTCTTATCAAAGCAAACAAATATCATCTAGGAAAAGTC,chr15,1024_0,75409905,gnomAD
121,TTGCTGC,T,CTGCGGCGCACCGCGGCCTCGCCAGGCATCTCCCCTCCTTGCCCGAAGATTTGCTCGTGCAGCCCTCTCGAGAGCATCTGGATGTCCAATGGGTTGTGCCGCAGCTGCCCGCCCTCCGAGGATAGCACTTGCGGCTGCTGAGGCTGCTGTTGCTGCTGCTGCTGCTGCTGCTGCTGCTGCTGCCGCCGCCGCTGCCCGTCGCTGGGGTCGGACGCGGGGACGGAGCTGGAGACCCAGCGCCCCGGAGCTGGAACCGGCCCTGGCCCGACGGTGGCGCCGGCCACCTTCCTCCAGAGCAGG,CTGCGGCGCACCGCGGCCTCGCCAGGCATCTCCCCTCCTTGCCCGAAGATTTGCTCGTGCAGCCCTCTCGAGAGCATCTGGATGTCCAATGGGTTGTGCCGCAGCTGCCCGCCCTCCGAGGATAGCACTTGCGGCTGCTGAGGCTGCTGTTGCTGCTGCTGCTGCTGCTGCTGCTGCCGCCGCCGCTGCCCGTCGCTGGGGTCGGACGCGGGGACGGAGCTGGAGACCCAGCGCCCCGGAGCTGGAACCGGCCCTGGCCCGACGGTGGCGCCGGCCACCTTCCTCCAGAGCAGGCGGCTC,chr15,1024_0,89333596,gnomAD
122,TTGCTGCTGC,T,CTGCGGCGCACCGCGGCCTCGCCAGGCATCTCCCCTCCTTGCCCGAAGATTTGCTCGTGCAGCCCTCTCGAGAGCATCTGGATGTCCAATGGGTTGTGCCGCAGCTGCCCGCCCTCCGAGGATAGCACTTGCGGCTGCTGAGGCTGCTGTTGCTGCTGCTGCTGCTGCTGCTGCTGCTGCTGCCGCCGCCGCTGCCCGTCGCTGGGGTCGGACGCGGGGACGGAGCTGGAGACCCAGCGCCCCGGAGCTGGAACCGGCCCTGGCCCGACGGTGGCGCCGGCCACCTTCCTCCAGAGCAGG,CTGCGGCGCACCGCGGCCTCGCCAGGCATCTCCCCTCCTTGCCCGAAGATTTGCTCGTGCAGCCCTCTCGAGAGCATCTGGATGTCCAATGGGTTGTGCCGCAGCTGCCCGCCCTCCGAGGATAGCACTTGCGGCTGCTGAGGCTGCTGTTGCTGCTGCTGCTGCTGCTGCTGCCGCCGCCGCTGCCCGTCGCTGGGGTCGGACGCGGGGACGGAGCTGGAGACCCAGCGCCCCGGAGCTGGAACCGGCCCTGGCCCGACGGTGGCGCCGGCCACCTTCCTCCAGAGCAGGCGGCTCATG,chr15,1024_0,89333596,gnomAD
123,TGGA,T,TACTCGGGGGGCCATCAGGATTGAGAAAAATGCTGACCTCTGTTACCTCTCCACTGTGGACTGGTCCCTGATCCTGGATGCGGTGTCCAATAACTACATTGTGGGGAATAAGCCCCCAAAGGAATGTGGGGACCTGTGTCCAGGGACCATGGAGGAGAAGCCGATGTGTGAGAAGACCACCATCAACAATGAGTACAACTACCGCTGCTGGACCACAAACCGCTGCCAGAAAAGTAAGAATGATGCTGACTGCTGCTTTCTCTCTGCCTCTCTCTCTCCTCTCCTCCTCCTTGACCTCCC,TACTCGGGGGGCCATCAGGATTGAGAAAAATGCTGACCTCTGTTACCTCTCCACTGTGGACTGGTCCCTGATCCTGGATGCGGTGTCCAATAACTACATTGTGGGGAATAAGCCCCCAAAGGAATGTGGGGACCTGTGTCCAGGGACCATGGAGAAGCCGATGTGTGAGAAGACCACCATCAACAATGAGTACAACTACCGCTGCTGGACCACAAACCGCTGCCAGAAAAGTAAGAATGATGCTGACTGCTGCTTTCTCTCTGCCTCTCTCTCTCCTCTCCTCCTCCTTGACCTCCCTTC,chr15,1024_0,98708024,gnomAD
124,CGCTGCT,C,GTTGCTGCAGAATCCGCTGCTGCAGGGCTTGCTGGATGTTGGGGGTGCTGTCTGCCCCCAGCCCCGGCTGCCCCATCTGGCCAAGCTGTCCCATCTGAGCCGCCATCTGGCCCATGGAGCTGCCCTGGAGGGGGAGATGCTGCTGCATGCGCTGCTGCTGCTGCATGGCCGGTGGGTAGCCTCCGGGTCCTTGAGGCTGCTGGAACTGGCCGTGCCCCGCCATGCCCCCAGCCATGCCGGCACTCCCTTGCTGCTGCTGCTGTTGCTGCTGTTGTTGCTGCTGCTGTTGCTGCTGCTGCT,GTTGCTGCAGAATCCGCTGCTGCAGGGCTTGCTGGATGTTGGGGGTGCTGTCTGCCCCCAGCCCCGGCTGCCCCATCTGGCCAAGCTGTCCCATCTGAGCCGCCATCTGGCCCATGGAGCTGCCCTGGAGGGGGAGATGCTGCTGCATGCGCTGCTGCATGGCCGGTGGGTAGCCTCCGGGTCCTTGAGGCTGCTGGAACTGGCCGTGCCCCGCCATGCCCCCAGCCATGCCGGCACTCCCTTGCTGCTGCTGCTGTTGCTGCTGTTGTTGCTGCTGCTGTTGCTGCTGCTGCTGCAGCA,chr16,1024_0,3728301,gnomAD
125,C,CTGCTGCTGCTGTTGCTGCTGTTGT,GCCATCTGGCCCATGGAGCTGCCCTGGAGGGGGAGATGCTGCTGCATGCGCTGCTGCTGCTGCATGGCCGGTGGGTAGCCTCCGGGTCCTTGAGGCTGCTGGAACTGGCCGTGCCCCGCCATGCCCCCAGCCATGCCGGCACTCCCTTGCTGCTGCTGCTGTTGCTGCTGTTGTTGCTGCTGCTGTTGCTGCTGCTGCTGCAGCAGCTGCCTCCGTAACATTTCTCGGTACTGTGGATTCATACTCGCCATGTTGGGGTTGTGTCCTGGGTTCATGATGTTCAAGGCCTGGCCCTGGGGG,GCCATCTGGCCCATGGAGCTGCCCTGGAGGGGGAGATGCTGCTGCATGCGCTGCTGCTGCTGCATGGCCGGTGGGTAGCCTCCGGGTCCTTGAGGCTGCTGGAACTGGCCGTGCCCCGCCATGCCCCCAGCCATGCCGGCACTCCCTTGCTGCTGCTGCTGTTGCTGCTGTTGTTGCTGCTGCTGTTGCTGCTGTTGTTGCTGCTGCTGTTGCTGCTGCTGCTGCAGCAGCTGCCTCCGTAACATTTCTCGGTACTGTGGATTCATACTCGCCATGTTGGGGTTGTGTCCTGGGTTCATG,chr16,1024_0,3728402,gnomAD
126,CCCGCCGCCTCCGCCG,C,ATCACCTCCTCCTTGCTGACCCCGCGCAGCTGCCGGTTCAGCTCGCGCACAGACATGGTCACCAGCTGCTCGTCGGAGAAGCGGTCGTCGAAGTGCAGGCCGCCGGCGGCGTGGTGCGGGTGCAGGGCGCCCCCCGCCCCCGCCGCGCCCCCGCCGCCTCCGCCGCCGCCGCCGCCGCCGCCGCCCCCAGCGCTGGCCGGGCCACCGCCGCCCGCGCCCCCAGCGCCACCGGCCGAGGCGGCCGCGCTGCCCGCGGCGCCGGGCGCGCCGGCCGTCGGGTGGTGGTGGTGGCCGGCGGCG,ATCACCTCCTCCTTGCTGACCCCGCGCAGCTGCCGGTTCAGCTCGCGCACAGACATGGTCACCAGCTGCTCGTCGGAGAAGCGGTCGTCGAAGTGCAGGCCGCCGGCGGCGTGGTGCGGGTGCAGGGCGCCCCCCGCCCCCGCCGCGCCCCCGCCGCCGCCGCCGCCGCCCCCAGCGCTGGCCGGGCCACCGCCGCCCGCGCCCCCAGCGCCACCGGCCGAGGCGGCCGCGCTGCCCGCGGCGCCGGGCGCGCCGGCCGTCGGGTGGTGGTGGTGGCCGGCGGCGTGGTGGTGGTGGTGG,chr16,400_0,79599192,gnomAD
127,G,GGGA,GGACAGTGAGGAGGAATTTGGTTCTGAGCGAGATGAGTACCGGGAGAAGTCAGAGAGTGGGGGCAGTGAATATGGAACCGGACCGGGTCGGAAACGAAGAAGGAAGCACCGAGAAAAAAAGGAGAAGAAGACAAAGCGGCGGAAAAAGGGGGAGGGAGATGGGGGGCAAAAGGTGAGTAGAATTAGGGAATGAGAGTGAGAAATCTGCATTAAAGACGGGCATGAGGAGGGGAGGAATGGAGACTGGACTGGAGAATGGGGCAAGAAGCAAGAAAGCCCAGGGAAGCTAGTGGGTAGGTA,GGACAGTGAGGAGGAATTTGGTTCTGAGCGAGATGAGTACCGGGAGAAGTCAGAGAGTGGGGGCAGTGAATATGGAACCGGACCGGGTCGGAAACGAAGAAGGAAGCACCGAGAAAAAAAGGAGAAGAAGACAAAGCGGCGGAAAAAGGGGGAGGAGGGAGATGGGGGGCAAAAGGTGAGTAGAATTAGGGAATGAGAGTGAGAAATCTGCATTAAAGACGGGCATGAGGAGGGGAGGAATGGAGACTGGACTGGAGAATGGGGCAAGAAGCAAGAAAGCCCAGGGAAGCTAGTGGGTAG,chr17,1024_0,7890719,gnomAD
128,CAGA,C,ACCCGTGAATAAGAATAGAATACCAGAGGCTTATATGAACATGTATTATAACATTATGTGAGAATGGATTTAATTTAGATTAAGGACACAGAAAGTACCTGCTTCAGCACTAGCATACGTGGAAAAGAGACTGGCTAGAGTCTTCATTGCAGACTTCTGGTACAGCCCAACCACAGTATCATTCAGGGGGTCCTTATTTTTGTCCAGCCAGCCAGTAATGTTGTAGTCCACAGTGCCAGCATAGTGAATCAGAGAGAAGTGGGCCTCAGCCTTGCCTTTGACCACCTTGGGCTTCTGGAA,ACCCGTGAATAAGAATAGAATACCAGAGGCTTATATGAACATGTATTATAACATTATGTGAGAATGGATTTAATTTAGATTAAGGACACAGAAAGTACCTGCTTCAGCACTAGCATACGTGGAAAAGAGACTGGCTAGAGTCTTCATTGCCTTCTGGTACAGCCCAACCACAGTATCATTCAGGGGGTCCTTATTTTTGTCCAGCCAGCCAGTAATGTTGTAGTCCACAGTGCCAGCATAGTGAATCAGAGAGAAGTGGGCCTCAGCCTTGCCTTTGACCACCTTGGGCTTCTGGAAGTT,chr17,1024_0,10409330,gnomAD
129,CGAA,C,CTTTTTGAACTTCTCAAGCATCTGCTGAAACTCCTCCTCTTTCTCCTTATCCTCGGCCAGGGTGGCCTCATTCTGCTCGGCATATGCCATGGCCACCACGGCCAGGATCAGATTGATGAGGTAGAAAGAGCCCAGGAAGATGATGACCACGAAGAAGATCATGTAGGTCTTGCCAGCTGCTCGAAGGGTCTGGGAGTGGAGGGAGAGGGAGTGGAGGGGTCCCATGACGTCCACCTCCTTTGACCCAGTGCCCCTTTCCATACATCCATTGCCCGCATGGGTAAGCAGAGCCCCTCCCTC,CTTTTTGAACTTCTCAAGCATCTGCTGAAACTCCTCCTCTTTCTCCTTATCCTCGGCCAGGGTGGCCTCATTCTGCTCGGCATATGCCATGGCCACCACGGCCAGGATCAGATTGATGAGGTAGAAAGAGCCCAGGAAGATGATGACCACGAAGATCATGTAGGTCTTGCCAGCTGCTCGAAGGGTCTGGGAGTGGAGGGAGAGGGAGTGGAGGGGTCCCATGACGTCCACCTCCTTTGACCCAGTGCCCCTTTCCATACATCCATTGCCCGCATGGGTAAGCAGAGCCCCTCCCTCACA,chr17,1024_0,63964638,gnomAD
130,A,ACCG,GCGCTCCCCACCGCCCCCCCTGCGCCCGCCCCTCCCCCTTCGCTTTCCTTCTCCCCCCGCCTCGGCTCCGACATGAGGGGCCGGCGGGGCAGGCCGCCCAAGCAGCCCGCGGCTCCCGCTGCGGAGCGCTGCGCCCCGGCCCCGCCGCCACCGCCGCCGCCGCCCACGTCCGGACCCATCGGGGGGCTCCGCTCGCGGCACCGCGGCAGCAGCCGGGGCAGGTGGGCCGCCGCCCAGGCTGAGGTGGCGCCCAAGACGCGGCTGAGCTCGCCCAGGGGGGGCAGCAGTAGCCGGAGGAAG,GCGCTCCCCACCGCCCCCCCTGCGCCCGCCCCTCCCCCTTCGCTTTCCTTCTCCCCCCGCCTCGGCTCCGACATGAGGGGCCGGCGGGGCAGGCCGCCCAAGCAGCCCGCGGCTCCCGCTGCGGAGCGCTGCGCCCCGGCCCCGCCGCCACCGCCGCCGCCGCCGCCCACGTCCGGACCCATCGGGGGGCTCCGCTCGCGGCACCGCGGCAGCAGCCGGGGCAGGTGGGCCGCCGCCCAGGCTGAGGTGGCGCCCAAGACGCGGCTGAGCTCGCCCAGGGGGGGCAGCAGTAGCCGGAGG,chr17,1024_0,67825802,gnomAD
131,G,GGAAGACGAC,GAGAGCGAGGAGGAGGAGGAAGAGGAGGACATGGTCTCCGAGGAGGAGGAGGAGGAGGACGGCGACGCCGAGGAGACCCAGGATTCTGAGGACGACGAGGAGGATGAGATGGAAGAGGACGACGATGACTCCGATTATCCGGAGGAGATGGAAGACGACGACGACGACGCCAGTTACTGCACGGAAAGCAGCTTCAGGAGCCATAGTACCTACAGCAGCACTCCAGGTACCCACCCAGCCCAGTTGCTGCAGACTCCTTCCCCACCTCCTCTGCCCTCCCCCCTTGCTCACTCGTGTGCT,GAGAGCGAGGAGGAGGAGGAAGAGGAGGACATGGTCTCCGAGGAGGAGGAGGAGGAGGACGGCGACGCCGAGGAGACCCAGGATTCTGAGGACGACGAGGAGGATGAGATGGAAGAGGACGACGATGACTCCGATTATCCGGAGGAGATGGAAGACGACGAAGACGACGACGACGACGCCAGTTACTGCACGGAAAGCAGCTTCAGGAGCCATAGTACCTACAGCAGCACTCCAGGTACCCACCCAGCCCAGTTGCTGCAGACTCCTTCCCCACCTCCTCTGCCCTCCCCCCTTGCTCAC,chr17,1024_0,67826261,gnomAD
132,TCTG,T,CTCTCCTACCCCCAAACTGTACGTAACAATGGGGCCAGCCCCGGGAGCTGGGGGGGTCCCTGAGATCCGCACAAGGGAGGGAGCAGGGCCCTGGGGAGCCCCTGACCACTCCACCAGGTCCCACCTTTTTCCCAAGGACGTCTTTCTGATCTGCTTCTCTCTGGTGAGCCCGGCCTCCTTCGAGAATGTTCGTGCCAAGGTAGGGCAAGGCTGGGGGCCCCTGTGGGGAGAGGGCTTGCCCCAGTACCTGCCCCGACAAGTTGTCCTTTAGAGGCAATTGCGATACGGGTTCTGCCTGGG,CTCTCCTACCCCCAAACTGTACGTAACAATGGGGCCAGCCCCGGGAGCTGGGGGGGTCCCTGAGATCCGCACAAGGGAGGGAGCAGGGCCCTGGGGAGCCCCTGACCACTCCACCAGGTCCCACCTTTTTCCCAAGGACGTCTTTCTGATCTTCTCTCTGGTGAGCCCGGCCTCCTTCGAGAATGTTCGTGCCAAGGTAGGGCAAGGCTGGGGGCCCCTGTGGGGAGAGGGCTTGCCCCAGTACCTGCCCCGACAAGTTGTCCTTTAGAGGCAATTGCGATACGGGTTCTGCCTGGGGTA,chr17,171_0,82032960,gnomAD
133,T,TGGCCCTGGACCCGGCCCGGGTCCC,ATGGCCTACAAGATGCTGGCCAGGGGGCAGCCCCTCCCCGACCACCTGCAGATGGCGGTGCAGGGCAAGCGGCCGATGCCCGGGATGCAGCAGCAGATGCCAACGCTACCTCCACCCTCGGTGTCCGCAACAGGACCCGGCCCTGGCCCTGGCCCTGGCCCCGGCCCGGGTCCCGGCCCGGCACCTCCAAATTACAGCAGGCCTCATGGTAAGACTGGCTGCCCTGGCCCTCAGGTGTCTCAGAGCGAATGGCTGGGGCGTGGGTGGCGGGGTGGACAGACCGTGCTCTGTTGCCGACTG,ATGGCCTACAAGATGCTGGCCAGGGGGCAGCCCCTCCCCGACCACCTGCAGATGGCGGTGCAGGGCAAGCGGCCGATGCCCGGGATGCAGCAGCAGATGCCAACGCTACCTCCACCCTCGGTGTCCGCAACAGGACCCGGCCCTGGCCCTGGCCCTGGACCCGGCCCGGGTCCCGGCCCTGGCCCCGGCCCGGGTCCCGGCCCGGCACCTCCAAATTACAGCAGGCCTCATGGTAAGACTGGCTGCCCTGGCCCTCAGGTGTCTCAGAGCGAATGGCTGGGGCGTGGGTGGCGGGGTGGA,chr19,1024_0,10986535,gnomAD
134,G,GGGGCCC,TTATTAATGTTACCGTCATTCTGCGGATTCGAGGTCACCTCCACTTACTTCCTCCTCCGATGCCTCCGCTCCTTGTCCTCCCTCCGCGCGTCCCCCTCGTACGTGGCTGGAGCGCCATGCCGGTGCCTTCTCCTGCGCTCGCCCCCGTCGGGGCCCTCGCCCTCGCCCTCGCCGCCCCGGGCCGGCCGGCTGCCCTCGCGGTGCCGCGCCCTCCGCTCCGCCTTGTCCTCCGGACCCTCCTCCCCGGGCCTGCGGTGCGCGCGATGACGTCGATGCTCCCCGTCCGCGCCCGTGCGCGGG,TTATTAATGTTACCGTCATTCTGCGGATTCGAGGTCACCTCCACTTACTTCCTCCTCCGATGCCTCCGCTCCTTGTCCTCCCTCCGCGCGTCCCCCTCGTACGTGGCTGGAGCGCCATGCCGGTGCCTTCTCCTGCGCTCGCCCCCGTCGGGGCCCGGGCCCTCGCCCTCGCCCTCGCCGCCCCGGGCCGGCCGGCTGCCCTCGCGGTGCCGCGCCCTCCGCTCCGCCTTGTCCTCCGGACCCTCCTCCCCGGGCCTGCGGTGCGCGCGATGACGTCGATGCTCCCCGTCCGCGCCCGTG,chr19,1024_0,13298645,gnomAD
135,G,GCGCCGC,CGGCGCTGGAGCCACCGACGCTGCCGCTGCACCGCGCGCTCACGCTGCGCTTCCTGCTCCAGCACCTGGGCCGCGTGGCCAGCCGCGCCCCGGCCCTGGGTCCCGCGGTCCGGGCCCTGGGCGCCACCTTTGGGCCGCTGCTGCTGCGCGCGCCGCCGCCGCCGTCCTCGCCGCCGCCAGGGGGCGCTCCCGACGGGTGAGGGGCGGGGCGGAGCCGGAGCGAGCAGGGGTGGAGTTTGGGGTGGGGCGGGCGGGGCATGGCCAGAGTGAGCGGCGTCTAGACCCTAAGAAGGGAGGGGA,CGGCGCTGGAGCCACCGACGCTGCCGCTGCACCGCGCGCTCACGCTGCGCTTCCTGCTCCAGCACCTGGGCCGCGTGGCCAGCCGCGCCCCGGCCCTGGGTCCCGCGGTCCGGGCCCTGGGCGCCACCTTTGGGCCGCTGCTGCTGCGCGCGCCGCCGCCGCCGCCGCCGTCCTCGCCGCCGCCAGGGGGCGCTCCCGACGGGTGAGGGGCGGGGCGGAGCCGGAGCGAGCAGGGGTGGAGTTTGGGGTGGGGCGGGCGGGGCATGGCCAGAGTGAGCGGCGTCTAGACCCTAAGAAGGG,chr19,732_0,18161449,gnomAD
136,GCGC,G,CGGCGCTGGAGCCACCGACGCTGCCGCTGCACCGCGCGCTCACGCTGCGCTTCCTGCTCCAGCACCTGGGCCGCGTGGCCAGCCGCGCCCCGGCCCTGGGTCCCGCGGTCCGGGCCCTGGGCGCCACCTTTGGGCCGCTGCTGCTGCGCGCGCCGCCGCCGCCGTCCTCGCCGCCGCCAGGGGGCGCTCCCGACGGGTGAGGGGCGGGGCGGAGCCGGAGCGAGCAGGGGTGGAGTTTGGGGTGGGGCGGGCGGGGCATGGCCAGAGTGAGCGGCGTCTAGACCCTAAGAAGGGAGGGGA,CGGCGCTGGAGCCACCGACGCTGCCGCTGCACCGCGCGCTCACGCTGCGCTTCCTGCTCCAGCACCTGGGCCGCGTGGCCAGCCGCGCCCCGGCCCTGGGTCCCGCGGTCCGGGCCCTGGGCGCCACCTTTGGGCCGCTGCTGCTGCGCGCGCCGCCGCCGTCCTCGCCGCCGCCAGGGGGCGCTCCCGACGGGTGAGGGGCGGGGCGGAGCCGGAGCGAGCAGGGGTGGAGTTTGGGGTGGGGCGGGCGGGGCATGGCCAGAGTGAGCGGCGTCTAGACCCTAAGAAGGGAGGGGATGG,chr19,729_0,18161449,gnomAD
137,AAGG,A,GTGCCATGGGCGGCAGCGGGCACTTGTCAGGGCGCTGGGGCTGGGGCACCACCAGCCCAGGGTAGTGCAGGAAGGCGCGGGGGCTGAGGTGGTAGTTGTAGACGCTTTGGGTGTGGGCCTGCAGGTACCGTTTCATGTCCTCAGGGCTGAAGGAGAAGTGGGAGCCTCCCCCTGAGCCGCTGGGCCCCCCGCCACCACTGGGGTACATCGGGCTCAGCGTGGGCGAGGGAGTGTAGGCCAGGTGGGTGGGCGTCATGGGCAGAGCCGGGGAGAGCTGAGGGGGCAGCAGGGATCCAGGAC,GTGCCATGGGCGGCAGCGGGCACTTGTCAGGGCGCTGGGGCTGGGGCACCACCAGCCCAGGGTAGTGCAGGAAGGCGCGGGGGCTGAGGTGGTAGTTGTAGACGCTTTGGGTGTGGGCCTGCAGGTACCGTTTCATGTCCTCAGGGCTGAAGAAGTGGGAGCCTCCCCCTGAGCCGCTGGGCCCCCCGCCACCACTGGGGTACATCGGGCTCAGCGTGGGCGAGGGAGTGTAGGCCAGGTGGGTGGGCGTCATGGGCAGAGCCGGGGAGAGCTGAGGGGGCAGCAGGGATCCAGGACCGG,chr19,549_0,42249198,gnomAD
138,T,TGGG,AAAGATTCTGAGGTAGCCCTACAGAGGTGGTTACAAGGACAGGTTTGCTGTCTAAAGAAAGACTCGGTTCATCTATGGGGTCAGGTACAGAGAGTGCATAGGGGATGCCATTGCCGGCCGCCACTTTGTCCTGGAACTCGGCAAACAGCTGGGGGTTTGCCTTCACCTGGGGATGTCGGTGAAAGTGCACCTTGAGGTTGCCCTTGGTGGTGAAGCGATGACCACAGACAGAGCACACGAAGGGTCTCTCTCCAGTGTGGGAGCGGAGGTGGATCTGCAAGGAGCTATCAGTCCCAAAAA,AAAGATTCTGAGGTAGCCCTACAGAGGTGGTTACAAGGACAGGTTTGCTGTCTAAAGAAAGACTCGGTTCATCTATGGGGTCAGGTACAGAGAGTGCATAGGGGATGCCATTGCCGGCCGCCACTTTGTCCTGGAACTCGGCAAACAGCTGGGGGGGGTTTGCCTTCACCTGGGGATGTCGGTGAAAGTGCACCTTGAGGTTGCCCTTGGTGGTGAAGCGATGACCACAGACAGAGCACACGAAGGGTCTCTCTCCAGTGTGGGAGCGGAGGTGGATCTGCAAGGAGCTATCAGTCCCAA,chr20,1024_0,51791164,gnomAD
139,G,GCTGGCCCCC,AGATATTTTATGCTTTACGTAACAATACTTCTGATGATCCTCTCTCGAGTAAACGCCTGCACCCTTGTTTTCCCAAAGAACAAATTGCACAGTTAGCCGCGCACCTAAGGAAGCCTTTGGCACCCGGGTCCATTGGTCGGCCCGGTCCAGCTGGCCCCCCTGGGCCCCCAGGACCCCCAGGCTCCATTGGTCACCCTGGCGCTCGAGGACCCCCTGGATACCGCGGTCCCACTGGGGAGCTGGGAGACCCCGGGCCCAGAGGTGAGTGTTTGACCCCATGACACGGTCACCCTGCTGTAA,AGATATTTTATGCTTTACGTAACAATACTTCTGATGATCCTCTCTCGAGTAAACGCCTGCACCCTTGTTTTCCCAAAGAACAAATTGCACAGTTAGCCGCGCACCTAAGGAAGCCTTTGGCACCCGGGTCCATTGGTCGGCCCGGTCCAGCTGGCCCCCCTGGCCCCCCTGGGCCCCCAGGACCCCCAGGCTCCATTGGTCACCCTGGCGCTCGAGGACCCCCTGGATACCGCGGTCCCACTGGGGAGCTGGGAGACCCCGGGCCCAGAGGTGAGTGTTTGACCCCATGACACGGTCACC,chr20,689_0,62837154,gnomAD
140,A,ACGCTCTATGATGTCAGCCTACGAG,CCCAGGCCATATAGGTTAGCACCTAGACCCCTGATGTTAGCATCTAGACGTTCTATGATGATGTCCTATGCTGCAGAACGTTCCATGATGTCATCTTACGAACGCTCTATGATGTCTTATGAGCGGTCTATGATGTCCCCTATGGCTGAACGCTCTATGATGTCAGCCTACGAGCGCTCTATGATGTCAGCCTACGAGCGCTCTATGATGTCCCCTATGGCTGAGCGCTCTATGATGTCAGCTTATGAACGCTCCATGATGTCAGCTTATGAACGCTCCATGATGTCCCCAATGGCTGAT,CCCAGGCCATATAGGTTAGCACCTAGACCCCTGATGTTAGCATCTAGACGTTCTATGATGATGTCCTATGCTGCAGAACGTTCCATGATGTCATCTTACGAACGCTCTATGATGTCTTATGAGCGGTCTATGATGTCCCCTATGGCTGAACGCTCTATGATGTCAGCCTACGAGCGCTCTATGATGTCAGCCTACGAGCGCTCTATGATGTCAGCCTACGAGCGCTCTATGATGTCCCCTATGGCTGAGCGCTCTATGATGTCAGCTTATGAACGCTCCATGATGTCAGCTTATGAACGC,chr21,1024_0,33552321,gnomAD
141,ATGT,A,AAAATCCTCACTACAGCAACCCTCTTTAAAAGATGGAACTATATCACTGAGTAAAGACCTTGAACTTCCAATTATACCTCCTACCCATCTTGATCTAAGTGCTCTTCATAATGTCTTGAACAAACCATTCCACCACCGTCATCCACTGCATGTTTTTACTCATAATAAGCAGAACACAGTAGGAGAAACACTGAGGTCGAATCCTCCACCGTCCCTTGCAATTACACCAACGATCCTGAAATCTGTTAACCTTAGGTCCATCAACAAGTCTGAAGAAGTTAAGCAAAAAGAAGAAAACAA,AAAATCCTCACTACAGCAACCCTCTTTAAAAGATGGAACTATATCACTGAGTAAAGACCTTGAACTTCCAATTATACCTCCTACCCATCTTGATCTAAGTGCTCTTCATAATGTCTTGAACAAACCATTCCACCACCGTCATCCACTGCATTTTACTCATAATAAGCAGAACACAGTAGGAGAAACACTGAGGTCGAATCCTCCACCGTCCCTTGCAATTACACCAACGATCCTGAAATCTGTTAACCTTAGGTCCATCAACAAGTCTGAAGAAGTTAAGCAAAAAGAAGAAAACAATAC,chrX,1024_0,17727432,gnomAD
142,ATCT,A,TTAAAGAGAGAACTGCAGCAGTCTATGCAGACTCCATGCTCTCCTTTTCTCTCACCACTGCCATGTACCTGGTCACCTTTGGCATAGGGGCCAGCCCTTTCACGAACATTGAGGCAGCCAGGATTTTCTGCTGCAATTCCTGTATTGCAATCTTCTTCAACTACCTCTATGTACTCTCGTTTTATGGTTCCAGCCTAGTGTTCACTGGCTACATAGAAAACAATTACCAGCATAGTATCTTCTGTAGAAAAGTCCCAAAGCCTGAGGCATTGCAGGAGAAGCCGGCATGGTACAGGTTTC,TTAAAGAGAGAACTGCAGCAGTCTATGCAGACTCCATGCTCTCCTTTTCTCTCACCACTGCCATGTACCTGGTCACCTTTGGCATAGGGGCCAGCCCTTTCACGAACATTGAGGCAGCCAGGATTTTCTGCTGCAATTCCTGTATTGCAATCTTCAACTACCTCTATGTACTCTCGTTTTATGGTTCCAGCCTAGTGTTCACTGGCTACATAGAAAACAATTACCAGCATAGTATCTTCTGTAGAAAAGTCCCAAAGCCTGAGGCATTGCAGGAGAAGCCGGCATGGTACAGGTTTCTCC,chrX,889_0,23392746,gnomAD
143,A,AGGCGGC,GACTTCCGAGGCTGCGCGTTACCTGCCGAATGCCGGGCTGATGAAAGCTGGGTGTCGGAACACTGCCGCTCCGAGGAAAGTGCTCAGGCCCAGCGGCGCCCCGCTGGGCGGCAGGCTGGCCGAGCCCGGAGGCGGAGGTAGGCTCGGGAAGGCGGCGGCGGCGGCGGCGGCAGCGGCAGTCCAAGCGGAGTCGAGCGCCGGGTGGTGCGGAGGGAAGGGGCTGGCGTCCAGGTAGGGGCTGAGCGGGTGGGTGGCGGAGAGCGGCCCCGGGAAGGGCAGCCCAGGGGGGTGGGTCTGCGC,GACTTCCGAGGCTGCGCGTTACCTGCCGAATGCCGGGCTGATGAAAGCTGGGTGTCGGAACACTGCCGCTCCGAGGAAAGTGCTCAGGCCCAGCGGCGCCCCGCTGGGCGGCAGGCTGGCCGAGCCCGGAGGCGGAGGTAGGCTCGGGAAGGCGGCGGCGGCGGCGGCGGCGGCGGCAGCGGCAGTCCAAGCGGAGTCGAGCGCCGGGTGGTGCGGAGGGAAGGGGCTGGCGTCCAGGTAGGGGCTGAGCGGGTGGGTGGCGGAGAGCGGCCCCGGGAAGGGCAGCCCAGGGGGGTGGGT,chrX,566_0,25007238,gnomAD
144,CTCT,C,GCATTTTGTGTTTCTGTTCTCAGTTTATCATCTTTAAGAATCTTCCGAATTTTCTTTCTGCCTTTTCCAGGAGACTTGGAATCATCATTTTCATCTTCCTCCTCCTCTTCCTCCTCCTCCTCCTCTTCCTCCTCCTCTTCTTTTTCCTCCTCTTCTTCCTCAGAATTACTCTACAGAATTTAAACAATTAGAGGTAAACAGTACAAAGTCATTTAATTTATCCATTTCATATTCCATTAATTAACACAGCAGGAAAAGGTGGAAGAAAACATGCTGAAAACCTTTAGAATTATATTCAGC,GCATTTTGTGTTTCTGTTCTCAGTTTATCATCTTTAAGAATCTTCCGAATTTTCTTTCTGCCTTTTCCAGGAGACTTGGAATCATCATTTTCATCTTCCTCCTCCTCTTCCTCCTCCTCCTCCTCTTCCTCCTCCTCTTCTTTTTCCTCCTCTTCCTCAGAATTACTCTACAGAATTTAAACAATTAGAGGTAAACAGTACAAAGTCATTTAATTTATCCATTTCATATTCCATTAATTAACACAGCAGGAAAAGGTGGAAGAAAACATGCTGAAAACCTTTAGAATTATATTCAGCAAT,chrX,1024_0,77652333,gnomAD
145,TACCACCACCACC,T,GACCATACTGGAGACAAGAAAAGTAGATGAGCCTACTGTTCATAAGGTGTTATAGTTGTGTATTGCTACTTTATGTTTTGTTTCTTTGTTAGTGATTGCCTCACCATCCTATCCATGCCATTCTGCTATTCCTCATGCTGGTGCCTCTCTACCACCACCACCACCACCACCACCACCACCACCACCACCACCACCTCCTCCTCCTCCTCCTCCTCCTCCTCCTCCTCCTCCTGCTCTTGATGTGGGAGAGACTTCAAACTTACAACCACCACCACCACTACCACCTCCACCTTATTCCTG,GACCATACTGGAGACAAGAAAAGTAGATGAGCCTACTGTTCATAAGGTGTTATAGTTGTGTATTGCTACTTTATGTTTTGTTTCTTTGTTAGTGATTGCCTCACCATCCTATCCATGCCATTCTGCTATTCCTCATGCTGGTGCCTCTCTACCACCACCACCACCACCACCACCACCACCACCTCCTCCTCCTCCTCCTCCTCCTCCTCCTCCTCCTCCTGCTCTTGATGTGGGAGAGACTTCAAACTTACAACCACCACCACCACTACCACCTCCACCTTATTCCTGTGATCCAAGCGG,chrX,1024_0,111744725,gnomAD
146,CGCCGCCGCCGCT,C,ATGACGATGCTCCTGGACGGAGGCCCGCAGTTCCCTGGGCTGGGAGTGGGCAGCTTCGGCGCGCCGCGCCACCACGAGATGCCCAACCGTGAGCCGGCAGGCATGGGGCTGAATCCCTTCGGGGACTCAACCCACGCCGCCGCCGCCGCCGCCGCCGCCGCTGCCTTCAAGCTGAGCCCTGCCGCGGCGCACGATCTATCTTCAGGCCAGAGCTCGGCTTTCACGCCGCAGGGTTCGGGCTACGCCAACGCCCTGGGCCACCATCACCACCACCATCACCATCATCACCACACCAGCCAG,ATGACGATGCTCCTGGACGGAGGCCCGCAGTTCCCTGGGCTGGGAGTGGGCAGCTTCGGCGCGCCGCGCCACCACGAGATGCCCAACCGTGAGCCGGCAGGCATGGGGCTGAATCCCTTCGGGGACTCAACCCACGCCGCCGCCGCCGCCGCCTTCAAGCTGAGCCCTGCCGCGGCGCACGATCTATCTTCAGGCCAGAGCTCGGCTTTCACGCCGCAGGGTTCGGGCTACGCCAACGCCCTGGGCCACCATCACCACCACCATCACCATCATCACCACACCAGCCAGGTGCCCAGCTAC,chrX,455_0,137566841,gnomAD
147,ACTG,A,GTTTTAAAAAGCTGGACCTAATGGAAACTATTTGTCCTCCTTTTTCCCAGGAGGGAGACACTCCAAAAAAGGCATCCTCTGCCACCATCACTGTCACCAATACTGCTATTGCCACTGCTACTGTCACTGCTACTGCCATTGTCACCACCACTGTCACAGCTACTGCCACCGCCACGGCCACCACCACAACTACTACCACTACCATTTCCACCATCACCTCTACCATCACTACTGGCCTCATGGATAGCAGTCACCTGGAGATGACGTCCTGGGCGGCTCTGCCCCTTCTATCCAGCAGCA,GTTTTAAAAAGCTGGACCTAATGGAAACTATTTGTCCTCCTTTTTCCCAGGAGGGAGACACTCCAAAAAAGGCATCCTCTGCCACCATCACTGTCACCAATACTGCTATTGCCACTGCTACTGTCACTGCTACTGCCATTGTCACCACCATCACAGCTACTGCCACCGCCACGGCCACCACCACAACTACTACCACTACCATTTCCACCATCACCTCTACCATCACTACTGGCCTCATGGATAGCAGTCACCTGGAGATGACGTCCTGGGCGGCTCTGCCCCTTCTATCCAGCAGCAGCA,chrX,1024_0,148966889,gnomAD
